"ID","Description","GeneRatio","BgRatio","RichFactor","FoldEnrichment","zScore","pvalue","p.adjust","qvalue","geneID","Count"
"GO:0007059","chromosome segregation","149/3687","434/18860",0.34331797235023,1.75616407879722,7.85607361003494,1.78237348630517e-13,1.10346742537153e-09,9.65295956530537e-10,"ABRAXAS1/ACTB/AKAP8/ANAPC1/ANAPC11/ANAPC2/ANAPC7/ANKRD31/APC/ARHGEF10/ARID1B/ATM/AURKA/BAG6/BCCIP/BCL7A/BCL7B/BUB3/CCDC86/CCNB1/CCNE2/CDC42/CDC6/CDK1/CDT1/CENATAC/CENPF/CENPN/CENPO/CENPT/CENPU/CEP192/CEP63/CEP85/CHFR/CHMP1A/CHMP2A/CHMP2B/CHMP3/CHMP5/CHMP6/CHMP7/CLASP1/CSNK2A2/DDX3X/DPF2/DSN1/DYNC1H1/EHMT2/EML4/ERCC2/FBXO5/FLNA/GEN1/GPSM2/GTF2B/HASPIN/HAUS3/HAUS6/HECW2/HNRNPU/HORMAD1/KASH5/KIF11/KIF2A/KLHL22/KNL1/M1AP/MAD1L1/MAD2L1/MAEL/MAJIN/MAPRE2/MAPRE3/MCMDC2/MIS12/MIS18A/MLH1/MLH3/MMS19/MND1/MSH4/MSH5/MYBL2/NCAPD3/NCAPH/NDEL1/NEK6/NSMCE2/NTMT1/NUMA1/NUP62/PLSCR1/PPP2R2D/PRDM9/PUM2/RAB24/RAD18/RAD21/RAN/RCC1/RCC2/RECQL5/RHOA/RIOK2/RMDN1/RNF212/RNF4/SEH1L/SIRT7/SKA1/SKA3/SMARCA4/SMARCA5/SMARCB1/SMARCC1/SMARCD3/SMC4/SMC5/SMC6/SPATA22/SPC24/SPDL1/SPICE1/SPO11/SRPK1/STAG1/STAG2/STAG3/SYCE1/SYCE2/SYCP2/TENT4A/TEX15/TLK1/TOP1/TUBB/TUBB8/TUBG1/TUBG2/TUBGCP3/TUBGCP4/UBE2I/UHRF1/VPS4B/WAPL/WASHC5/ZCWPW1/ZWINT",149
"GO:0044772","mitotic cell cycle phase transition","150/3687","461/18860",0.325379609544469,1.66440451207179,7.11944429479152,1.65244611462559e-11,5.1151469478235e-08,4.47465013670981e-08,"ABRAXAS1/ACTB/ACVR1B/AKT1/ANAPC1/ANAPC11/ANAPC2/ANAPC7/ANLN/APC/APPL2/ARID1B/ATM/AURKA/BABAM2/BCL7A/BCL7B/BID/BRD4/BRSK1/BUB3/CACNB4/CACUL1/CALM3/CCNB1/CCND1/CCND3/CCNE2/CCNF/CCNH/CCNI/CCNJL/CCNP/CDC14A/CDC14B/CDC25B/CDC25C/CDC34/CDC6/CDC7/CDC73/CDK1/CDK10/CDK2AP2/CDKN2A/CDKN2C/CENPF/CHFR/CHMP2A/CHMP7/CKS2/CLASP1/CPSF3/CUL2/DACT1/DDX3X/DNM2/DPF2/DTL/E2F7/EIF4EBP1/EPS8/ERCC2/EZH2/FBXL15/FBXO31/FBXO5/FBXO7/FHL1/FOXN3/FOXO4/FZR1/GEN1/GSPT1/HASPIN/HECW2/ID2/INHBA/INTS3/KANK2/KCNH5/KDM8/KHDRBS1/KLF4/KLHL22/KNL1/MAD1L1/MAD2L1/MARK3/MEPCE/MRNIP/MYB/NABP2/NAE1/NEK6/NEUROG1/NFIB/NSMCE2/PABIR1/PIAS1/PKD1/PKD2/PKMYT1/PLK3/PLRG1/POLE/PPM1D/PPME1/PPP2CA/PPP2R2D/PPP6C/PRKDC/PRMT2/RAD21/RBBP8/RBL2/RBX1/RCC1/RCC2/RIOK2/SENP2/SKA1/SKA3/SMARCA4/SMARCB1/SMARCC1/SMARCD3/SMC5/SPAST/SPC24/SPDL1/TAOK1/TAOK2/TFDP1/TMEM14B/TMOD3/TPRA1/TRIAP1/TRIM39/UBE2E2/UBE2S/UIMC1/USP37/USP38/VPS4B/WAC/WNT10B/ZFP36L1/ZFYVE19/ZWINT",150
"GO:0000280","nuclear division","147/3687","453/18860",0.324503311258278,1.65992200985384,7.0082627899976,3.29449454827191e-11,6.21339860055391e-08,5.43538341732904e-08,"ABRAXAS1/AKAP8/ANAPC11/ANAPC7/ANKRD31/ANLN/APC/ARHGEF10/ASZ1/ATM/AURKA/BAG6/BCCIP/BMP7/BRME1/BROX/BUB3/CCDC86/CCNB1/CCNE2/CDC14A/CDC14B/CDC25B/CDC25C/CDC42/CDK1/CDT1/CENPF/CEP192/CEP85/CHFR/CHMP1A/CHMP2A/CHMP2B/CHMP3/CHMP5/CHMP6/CHMP7/CKS2/CLASP1/DAPK3/DMRT1/EDN1/EHMT2/EML4/EPS8/ERCC4/FANCA/FBXO5/FBXW5/FIGNL1/FLNA/FZR1/GEN1/HASPIN/HNRNPU/HORMAD1/HSF1/HSF2BP/IGF2/ING2/KASH5/KCTD19/KIF11/KIF2A/KLHL22/KNL1/L3MBTL1/M1AP/MAD1L1/MAD2L1/MAEL/MAJIN/MCMDC2/MEI1/MEIOSIN/MIS12/MLH1/MLH3/MND1/MOV10L1/MSH4/MSH5/MYBL2/NCAPD3/NCAPH/NDEL1/NEUROG1/NFIB/NSMCE2/NUMA1/NUP62/PKMYT1/PPP2R2D/PRDM9/PSMA8/RAB24/RAD21/RAD51AP1/RAD54B/RAN/RANBP1/RCC1/REEP3/RHOA/RMDN1/RMI1/RNF212/RPL10L/SEH1L/SIRT7/SKA1/SKA3/SLC25A31/SLX4/SMARCA5/SMC4/SPAST/SPATA22/SPC24/SPDL1/SPICE1/SPIRE2/SPO11/STAG1/STAG2/STAG3/SYCE1/SYCE2/SYCP2/TENT4A/TEX15/TOP6BL/TUBB8/TUBG1/TUBG2/UBB/UBE2I/UBE2S/UHRF1/VPS4B/WAPL/WASHC5/WNT4/ZCWPW1/ZNF541/ZWINT",147
"GO:0098813","nuclear chromosome segregation","113/3687","323/18860",0.34984520123839,1.78955261604449,7.05541855955906,4.01447171736644e-11,6.21339860055391e-08,5.43538341732904e-08,"ABRAXAS1/ACTB/AKAP8/ANAPC1/ANAPC11/ANAPC2/ANAPC7/ANKRD31/APC/ARHGEF10/ARID1B/ATM/AURKA/BAG6/BCCIP/BCL7A/BCL7B/BUB3/CCNB1/CCNE2/CDC42/CDC6/CDK1/CDT1/CENPF/CEP192/CHFR/CHMP1A/CHMP2A/CHMP2B/CHMP3/CHMP5/CHMP6/CHMP7/CLASP1/DPF2/DSN1/DYNC1H1/EHMT2/EML4/FBXO5/FLNA/GEN1/HASPIN/HECW2/HNRNPU/HORMAD1/KASH5/KIF11/KIF2A/KLHL22/KNL1/M1AP/MAD1L1/MAD2L1/MAEL/MAJIN/MCMDC2/MIS12/MLH1/MLH3/MND1/MSH4/MSH5/MYBL2/NCAPD3/NCAPH/NEK6/NSMCE2/NUMA1/NUP62/PRDM9/RAB24/RAD21/RAN/RCC1/RCC2/RHOA/RIOK2/RMDN1/RNF212/SEH1L/SIRT7/SKA1/SKA3/SMARCA4/SMARCA5/SMARCB1/SMARCC1/SMARCD3/SMC4/SPATA22/SPC24/SPDL1/SPICE1/SPO11/STAG1/STAG2/STAG3/SYCE1/SYCE2/SYCP2/TENT4A/TEX15/TUBB8/TUBG1/TUBG2/UHRF1/VPS4B/WAPL/WASHC5/ZCWPW1/ZWINT",113
"GO:0006302","double-strand break repair","115/3687","334/18860",0.344311377245509,1.76124561292387,6.91938309979588,8.41056155993945e-11,1.0413957323517e-07,9.10996615281862e-08,"ABL1/ABRAXAS1/ACTB/ACTR8/AP5S1/APLF/ARID1B/ATM/BABAM2/BCL7A/BCL7B/BRME1/C1QBP/CDC45/CDC7/CHD4/CSNK2A2/DDX11/DEK/DNA2/DPF2/DYRK1A/EPC1/EPC2/ERCC4/ERCC6/FAN1/FIGNL1/FUS/GEN1/H2AX/HMGA2/HSF1/HSF2BP/HTATSF1/INTS3/KASH5/KDM2A/KMT5C/LIG3/LIG4/MAGEF1/MAJIN/MBTD1/MCM2/MCM3/MCM4/MCM6/MCMDC2/MEAF6/MLH1/MMS22L/MORF4L1/MORF4L2/MRGBP/MRNIP/NABP2/NHEJ1/NSMCE2/NSMCE3/NSMCE4A/OGG1/PALB2/PARP1/PARP2/PARP3/PIAS1/PIAS4/PML/POLA1/POLN/PPP4R2/PPP5C/PRDM9/PRKDC/RAD21/RAD51AP1/RAD54B/RBBP8/RECQL4/RECQL5/REV3L/RMI1/RNF126/RPA1/RTEL1/SAMHD1/SENP3/SETMAR/SFR1/SHLD2/SIRT6/SLX4/SMARCA4/SMARCB1/SMARCC1/SMARCD3/SMC5/SMC6/SMCHD1/SPIRE2/SPO11/TDP1/TDP2/TENT4A/TEX15/TWIST1/UHRF1/UIMC1/XRCC1/XRCC2/YEATS4/YY1/ZCWPW1/ZGRF1",115
"GO:0007098","centrosome cycle","62/3687","150/18860",0.413333333333333,2.11431154506826,6.75422518822214,6.70590362547668e-10,6.91937489088768e-07,6.05296037773289e-07,"ARHGEF10/ATF5/AURKA/BNIP2/BRSK1/C2CD3/CCDC102B/CCNF/CDK1/CDK11A/CDK11B/CENATAC/CEP120/CEP192/CEP250/CEP295/CEP44/CEP63/CEP72/CEP85/CHD3/CHMP1A/CHMP2A/CHMP2B/CHMP3/CHMP5/CHORDC1/CNTLN/CNTROB/DCTN1/DEUP1/DNM2/FBXW5/GADD45A/GEN1/HAUS3/HAUS6/KIF11/KIF3A/MDM1/NAT10/NDEL1/NPM1/NUBP1/NUP62/PARD6B/PARD6G/PDCD6IP/PDE4DIP/PKD2/PLK4/POC1A/PPP1R12A/RANBP1/RBM14/SDCCAG8/SLC16A1/SPICE1/SSX2IP/TRIM37/VPS4B/XRCC2",62
"GO:0031023","microtubule organizing center organization","64/3687","163/18860",0.392638036809816,2.0084495183708,6.37414841358433,4.26401460653704e-09,3.77121634701011e-06,3.29900077453129e-06,"ARHGEF10/ATF5/AURKA/BNIP2/BRSK1/C2CD3/CCDC102B/CCNF/CDK1/CDK11A/CDK11B/CENATAC/CEP120/CEP192/CEP250/CEP295/CEP44/CEP63/CEP72/CEP85/CHD3/CHMP1A/CHMP2A/CHMP2B/CHMP3/CHMP5/CHORDC1/CLASP1/CNTLN/CNTROB/DCTN1/DEUP1/DNM2/FBXW5/GADD45A/GEN1/HAUS3/HAUS6/KIF11/KIF3A/MDM1/NAT10/NDEL1/NPM1/NUBP1/NUP62/PAFAH1B1/PARD6B/PARD6G/PDCD6IP/PDE4DIP/PKD2/PLK4/POC1A/PPP1R12A/RANBP1/RBM14/SDCCAG8/SLC16A1/SPICE1/SSX2IP/TRIM37/VPS4B/XRCC2",64
"GO:0045814","negative regulation of gene expression, epigenetic","73/3687","197/18860",0.370558375634518,1.895506092885,6.22832261753175,7.00928565315324e-09,5.42431093483396e-06,4.74510193229913e-06,"BAP1/BEND3/CBX1/CBX5/CDKN2B-AS1/CDYL/CTR9/DNMT1/DYRK1A/EED/EHMT1/EHMT2/EPC1/EZH1/EZH2/H1-2/H2AC11/H2AC12/H2AC13/H2AC15/H2AC17/H2AC18/H2AC19/H2AC20/H2AC25/H2AC6/H2AC8/H2AX/HDAC4/HDAC5/HEMK2/HMGA2/HNRNPK/HNRNPU/ING2/JARID2/L3MBTL1/LHX2/MAEL/MBD1/MBD3/MCRIP1/MECP2/MIS18A/MORC1/MORC2/MOV10L1/PARTICL/PCGF3/PCGF5/PCID2/PPHLN1/PPM1D/SIRT6/SIRT7/SMARCA4/SMARCA5/SMCHD1/SPEN/SPIN1/SPTY2D1/SUV39H1/SUV39H2/TASOR2/TDRD5/TEX15/TRIM28/TRIM37/UHRF1/UHRF2/YTHDC1/ZNF445/ZNFX1",73
"GO:0008380","RNA splicing","147/3687","490/18860",0.3,1.53458096013019,5.91040333319571,1.36768518426887e-08,9.40815441756506e-06,8.2301055825302e-06,"AKAP17A/ALYREF/ARMC7/ATXN7L3/C1QBP/CDC5L/CDK11A/CDK11B/CELF4/CENATAC/CIRBP/CLASRP/CLK1/COIL/CRIPT/DAZAP1/DCPS/DDX39A/DDX39B/DDX42/DHX15/DHX38/DHX8/DHX9/DYRK1A/ESS2/FAM98A/FMR1/FUS/GEMIN2/GEMIN4/GPATCH8/HNRNPA1/HNRNPA3/HNRNPF/HNRNPH1/HNRNPH2/HNRNPH3/HNRNPK/HNRNPL/HNRNPM/HNRNPR/HNRNPU/HNRNPUL2/HTATSF1/ILF3/IWS1/KHDRBS1/KHDRBS3/KHSRP/LARP7/LSM1/LSM2/LSM4/LSM7/LSM8/LUC7L/LUC7L2/MBNL1/MPHOSPH10/NCL/NOVA1/NPM1/PABPC1/PAXBP1/PLRG1/PPP4R2/PRPF40A/PRPF6/PTBP1/PTBP2/PTBP3/QKI/RBFOX1/RBM10/RBM12/RBM12B/RBM14/RBM17/RBM19/RBM23/RBM42/RBMX2/RNPS1/RNU6ATAC/RRP1B/RSRP1/RTCB/SAP18/SART1/SCAF1/SCAF11/SF1/SF3A2/SF3B1/SGF29/SNRNP25/SNRNP70/SNRPD2/SNRPN/SNW1/SREK1/SRPK1/SRPK2/SRRM2/SRSF1/SRSF10/SRSF12/SRSF2/SRSF5/SRSF6/SRSF9/STRAP/SUGP2/SUPT3H/SUPT7L/SYNCRIP/TADA2B/TAF12/TAF12-DT/TAF5L/THOC3/THOC6/TIA1/TMBIM6/TRA2A/TSEN15/TSEN2/TSEN34/TSEN54/TSSC4/TXNL4A/TXNL4B/U2AF1L4/U2AF2/UBL5/UPF1/USP39/WTAP/YBX1/YJU2B/YTHDC1/ZC3H14/ZMAT2/ZMAT5/ZNF638/ZRSR2",147
"GO:0000725","recombinational repair","73/3687","201/18860",0.36318407960199,1.85778457859873,6.02687592359627,1.87251855093842e-08,1.11890689818446e-05,9.78802164629312e-06,"ABL1/ACTB/AP5S1/ATM/C1QBP/CDC45/CDC7/CHD4/CTBP1-DT/DYRK1A/EPC1/EPC2/ERCC4/ERCC6/FAN1/FIGNL1/FUS/GEN1/H2AX/HTATSF1/INTS3/KASH5/LIG3/MAGEF1/MBTD1/MCM2/MCM3/MCM4/MCM6/MCMDC2/MEAF6/MMS22L/MORF4L1/MORF4L2/MRGBP/MRNIP/NABP2/NSMCE2/NSMCE3/NSMCE4A/PALB2/PARP1/PIAS1/PIAS4/POLN/PPP4R2/PRKDC/RAD21/RAD51AP1/RAD54B/RBBP8/RECQL4/RECQL5/REV3L/RMI1/RNF126/RPA1/RTEL1/SAMHD1/SENP3/SFR1/SHLD2/SIRT6/SLX4/SMC5/SMC6/SMCHD1/TEX15/UHRF1/XRCC2/YEATS4/YY1/ZGRF1",73
"GO:0051052","regulation of DNA metabolic process","148/3687","497/18860",0.297786720321932,1.5232594372855,5.82751791408004,2.07181119782065e-08,1.11890689818446e-05,9.78802164629312e-06,"ABL1/ABRAXAS1/ACD/ACTB/ACTR8/ADIPOQ/AKT1/ANKRD31/APLF/ARID1B/ATM/ATXN7L3/BABAM2/BCL7A/BCL7B/C1QBP/CAMSAP3/CCT3/CCT5/CDC6/CDC7/CDK1/CDT1/CHRAC1/CHTF18/CHTF8/DDX11/DEK/DFFB/DHX9/DKC1/DNA2/DPF2/DYNLL1/E2F7/EHMT2/ENDOG/EPC1/EPC2/ERCC2/ERCC4/ERCC6/ESCO1/FBXO5/FIGNL1/FUS/GMNN/H1-2/H2AX/HMGA2/HNRNPA1/HNRNPU/HSF1/HSP90AA1/ING5/INO80C/INO80E/KAT7/KCTD13/KLF4/KMT5C/LIG3/MAGEF1/MAP2K7/MBTD1/MCM2/MCM3/MCM4/MCM6/MEAF6/MLH1/MORF4L1/MORF4L2/MRGBP/MRNIP/NABP2/NAT10/NSMCE2/NSMCE3/NSMCE4A/OGG1/PARN/PARP1/PARP3/PAXIP1/PCNA/PIAS4/PKIB/PML/PMS2/POLG2/POLH/PPP1R10/PPP4R2/PRDM9/PRKDC/PTGES3/RAD51AP1/RECQL5/RFC3/RNF126/RTEL1/SENP2/SENP3/SETMAR/SGF29/SHLD2/SIRT6/SIRT7/SLX4/SMARCA4/SMARCA5/SMARCB1/SMARCC1/SMARCD3/SMC5/SMC6/SMCHD1/SMG6/SPIRE2/SUPT3H/SUPT7L/SUV39H1/TADA2B/TAF12/TAF4/TAF5L/TAF6/TAF7/TEX15/TFDP1/TFRC/TIGAR/TNKS2/TRIM28/TWIST1/UBE2V1/UIMC1/UPF1/USP1/USP37/WAPL/WRNIP1/XRCC1/YEATS4/YLPM1/YY1/ZCWPW1",148
"GO:0007051","spindle organization","75/3687","209/18860",0.358851674641148,1.83562315805046,5.98815067291506,2.16877447556349e-08,1.11890689818446e-05,9.78802164629312e-06,"ABRAXAS1/AFG2B/ARHGEF10/AURKA/BCCIP/CCNB1/CEP120/CEP192/CEP63/CEP72/CHD3/CHMP1A/CHMP2A/CHMP2B/CHMP3/CHMP5/CHMP6/CHMP7/CLASP1/DCTN1/DYNC1H1/EFHC1/EML1/FAM110A/FBXO5/FLNA/FSD1/GNAI1/GPSM2/GTF2B/HAUS3/HAUS6/HNRNPU/INTS13/KASH5/KIF11/KIF2A/MAPRE2/MAPRE3/MLH1/MYBL2/NEK6/NTMT1/NUMA1/NUP62/PARP3/PCNT/PDE4DIP/PKD1/PLK3/POC1A/PTPA/RAE1/RAN/RCC1/RHOA/RMDN1/RNF4/SKA1/SKA3/SPAST/SPICE1/STAG1/STAG2/TACC1/TPPP/TUBB/TUBB8/TUBG1/TUBG2/TUBGCP3/TUBGCP4/UHRF1/VPS4B/WASHC5",75
"GO:0000724","double-strand break repair via homologous recombination","71/3687","195/18860",0.364102564102564,1.86248287468792,5.96779586571578,2.58956298611524e-08,1.18431310249936e-05,1.03601848393835e-05,"ABL1/ACTB/AP5S1/ATM/C1QBP/CDC45/CDC7/CHD4/DYRK1A/EPC1/EPC2/ERCC4/ERCC6/FAN1/FIGNL1/FUS/GEN1/H2AX/HTATSF1/INTS3/KASH5/LIG3/MAGEF1/MBTD1/MCM2/MCM3/MCM4/MCM6/MCMDC2/MEAF6/MMS22L/MORF4L1/MORF4L2/MRGBP/MRNIP/NABP2/NSMCE2/NSMCE3/NSMCE4A/PALB2/PARP1/PIAS1/PIAS4/POLN/PPP4R2/PRKDC/RAD21/RAD51AP1/RAD54B/RBBP8/RECQL4/RECQL5/REV3L/RMI1/RNF126/RPA1/RTEL1/SAMHD1/SENP3/SFR1/SHLD2/SIRT6/SLX4/SMC5/SMC6/SMCHD1/TEX15/UHRF1/XRCC2/YEATS4/YY1",71
"GO:0033044","regulation of chromosome organization","84/3687","244/18860",0.344262295081967,1.76099454441169,5.89784617776675,2.86212521623432e-08,1.18431310249936e-05,1.03601848393835e-05,"ACD/ACTB/ACTR8/ANAPC1/ANAPC11/ANAPC2/ANAPC7/APC/ARID1B/ATM/BCL7A/BCL7B/BUB3/CCNB1/CCT3/CCT5/CDC6/CDK1/CENPF/CHFR/DDX11/DKC1/DPF2/ERCC4/FBXO5/GEN1/HASPIN/HECW2/HNRNPA1/HNRNPU/HSP90AA1/INO80C/INO80E/KLF4/KLHL22/KNL1/LIG4/MAD1L1/MAD2L1/MAP2K7/MAPT/NABP2/NAT10/NCAPD3/NCAPH/NEK6/NSMCE2/NSMCE3/NSMCE4A/NUMA1/PARN/PARP1/PARP3/PKIB/PML/PPP1R10/PTGES3/RAD21/RIOK2/RNF4/RTEL1/SETMAR/SIRT6/SKA1/SKA3/SLX4/SMARCA4/SMARCA5/SMARCB1/SMARCC1/SMARCD3/SMC4/SMC5/SMC6/SMG6/SPC24/SPDL1/TNKS2/UPF1/WAPL/XRCC1/YLPM1/YY1/ZWINT",84
"GO:1901990","regulation of mitotic cell cycle phase transition","113/3687","357/18860",0.316526610644258,1.61911903356406,5.82166699189134,2.86943894968346e-08,1.18431310249936e-05,1.03601848393835e-05,"ABRAXAS1/ACTB/AKT1/ANAPC11/ANAPC7/ANLN/APC/APPL2/ARID1B/ATM/AURKA/BABAM2/BCL7A/BCL7B/BID/BRD4/BRSK1/BUB3/CACNB4/CCNB1/CCND1/CCND3/CCNE2/CCNH/CDC14A/CDC14B/CDC25B/CDC25C/CDC6/CDC7/CDC73/CDK1/CDK10/CDK2AP2/CDKN2A/CDKN2C/CENPF/CHFR/CPSF3/DACT1/DDX3X/DPF2/DTL/E2F7/ERCC2/EZH2/FBXO31/FBXO5/FBXO7/FHL1/FOXN3/FOXO4/FZR1/GEN1/HASPIN/HECW2/ID2/INHBA/INTS3/KANK2/KCNH5/KLF4/KLHL22/KNL1/MAD1L1/MAD2L1/MARK3/MEPCE/MRNIP/NABP2/NAE1/NEK6/NEUROG1/NSMCE2/PABIR1/PKD1/PKD2/PKMYT1/PLK3/PLRG1/PPP2CA/PRKDC/PRMT2/RAD21/RBBP8/RBL2/RCC2/RIOK2/SENP2/SKA1/SKA3/SMARCA4/SMARCB1/SMARCC1/SMARCD3/SPC24/SPDL1/TAOK1/TAOK2/TFDP1/TMEM14B/TMOD3/TPRA1/TRIAP1/TRIM39/UBE2E2/UIMC1/VPS4B/WAC/WNT10B/ZFP36L1/ZFYVE19/ZWINT",113
"GO:0050684","regulation of mRNA processing","55/3687","139/18860",0.39568345323741,2.02402764525564,5.97330554046974,3.73243303491485e-08,1.44421830744736e-05,1.26337947135769e-05,"ALKBH5/C1QBP/CCNB1/CDC73/CDK11A/CDK11B/CELF4/CIRBP/DAZAP1/DHX9/DYRK1A/FMR1/HDAC7/HNRNPA1/HNRNPK/HNRNPL/HNRNPU/IWS1/KHDRBS1/KHDRBS3/LARP7/NCL/NOVA1/NPM1/PTBP1/QKI/RBFOX1/RBM10/RBM14/RBM19/RBM23/RBM42/RNPS1/SAFB/SAFB2/SAP18/SLTM/SNRNP70/SNW1/SRPK1/SRPK2/SRSF1/SRSF10/SRSF12/SRSF2/SRSF5/SRSF6/SRSF9/TIA1/TRA2A/U2AF2/UPF1/WTAP/YTHDC1/ZFP36L1",55
"GO:0040029","epigenetic regulation of gene expression","99/3687","305/18860",0.324590163934426,1.66036628473102,5.7314499272835,5.19432687759171e-08,1.89165162936296e-05,1.6547871074433e-05,"ALKBH4/ARID1B/ARID4A/ATAD2/BAP1/BEND3/CBX1/CBX5/CDKN2B-AS1/CDYL/CTCFL/CTR9/DNMT1/DPY30/DYRK1A/EED/EGR1/EHMT1/EHMT2/EPC1/EZH1/EZH2/GLMN/H1-2/H2AC11/H2AC12/H2AC13/H2AC15/H2AC17/H2AC18/H2AC19/H2AC20/H2AC25/H2AC6/H2AC8/H2AX/H3C12/HDAC4/HDAC5/HDAC7/HEMK2/HMGA2/HNRNPK/HNRNPU/IGF2/ING2/JARID2/KAT7/L3MBTL1/L3MBTL3/LHX2/MAEL/MBD1/MBD3/MCRIP1/MECP2/MIS18A/MORC1/MORC2/MOV10L1/MYCN/NDN/OGG1/PARTICL/PCGF3/PCGF5/PCID2/PPHLN1/PPM1D/PRMT3/RBM14/SGF29/SIRT6/SIRT7/SMARCA4/SMARCA5/SMARCB1/SMCHD1/SPEN/SPIN1/SPTY2D1/STPG4/SUV39H1/SUV39H2/TASOR2/TDRD5/TEX15/TRIM28/TRIM37/TRMT112/UHRF1/UHRF2/USP21/WDR5/YTHDC1/ZCWPW1/ZNF445/ZNFX1/ZNHIT1",99
"GO:1901987","regulation of cell cycle phase transition","139/3687","468/18860",0.297008547008547,1.51927887078416,5.60749983231643,6.60218790806537e-08,2.27078585215737e-05,1.98644776532142e-05,"ABRAXAS1/ACTB/AKT1/ANAPC11/ANAPC7/ANLN/APBB2/APC/APPL2/ARID1B/ATF5/ATM/AURKA/BABAM2/BCL7A/BCL7B/BID/BRD4/BRSK1/BUB3/CACNB4/CAMSAP3/CCNB1/CCND1/CCND3/CCNE2/CCNH/CCNQ/CDC14A/CDC14B/CDC25B/CDC25C/CDC45/CDC5L/CDC6/CDC7/CDC73/CDK1/CDK10/CDK16/CDK17/CDK2AP2/CDKN2A/CDKN2C/CDT1/CENPF/CEP63/CHFR/CLOCK/CPSF3/CRY1/DACT1/DDX3X/DNA2/DPF2/DTL/E2F7/ERCC2/ERCC6/EZH2/FBXO31/FBXO5/FBXO7/FHL1/FOXN3/FOXO4/FZR1/GEN1/GNB1L/H2AX/HASPIN/HECW2/HORMAD1/ID2/INHBA/INTS3/INTS7/KANK2/KCNH5/KLF4/KLHL22/KNL1/MAD1L1/MAD2L1/MARK3/MEPCE/MRNIP/NABP2/NAE1/NEK6/NEUROG1/NPM1/NSMCE2/NSUN2/PABIR1/PAXIP1/PKD1/PKD2/PKMYT1/PLK3/PLRG1/PPP1R10/PPP2CA/PRKDC/PRMT2/RAD21/RAD9A/RASSF1/RBBP8/RBL2/RCC2/RIOK2/SENP2/SETMAR/SKA1/SKA3/SMARCA4/SMARCB1/SMARCC1/SMARCD3/SPC24/SPDL1/TAOK1/TAOK2/TELO2/TFDP1/TMEM14B/TMOD3/TPRA1/TRIAP1/TRIM39/UBE2E2/UIMC1/VPS4B/WAC/WNT10B/ZFP36L1/ZFYVE19/ZWINT",139
"GO:0022613","ribonucleoprotein complex biogenesis","145/3687","496/18860",0.292338709677419,1.49539139259998,5.51144937789147,1.01279748875592e-07,3.30012065941469e-05,2.88689367293585e-05,"AATF/ADAR/AFG2B/AGO1/AGO2/ATM/BOP1/BYSL/C1QBP/CDKN2A/CELF4/CHD7/COIL/DDX10/DDX39B/DDX3X/DDX42/DDX51/DDX52/DHX37/DHX9/DICER1/DKC1/EIF2A/EIF2D/EIF2S2/EIF2S3/EIF3A/EIF3B/EIF3K/EIF4H/EIF5B/ERCC2/ESF1/EXOSC1/EXOSC2/EXOSC5/EXOSC8/FASTKD2/FBL/FSAF1/FTSJ3/GEMIN2/GEMIN4/GLUL/GTF2H5/GTF3A/HEATR1/HEATR3/HSP90AA1/HTATSF1/KRI1/LSM2/LSM4/LTO1/LUC7L/LUC7L2/LYAR/MAK16/MCTS2/MPHOSPH10/MPHOSPH6/MTERF4/MTG1/MYBBP1A/MYG1/NAT10/NOA1/NOB1/NOL7/NOLC1/NOP56/NPM1/PAK1IP1/POP4/POP7/PPAN/PRKDC/PRPF6/PTBP2/PTGES3/PWP1/PWP2/RAN/RBFA/RBM10/RBMX2/RIOK2/RNU6ATAC/RPL10L/RPL13A/RPL26L1/RPL5/RPLP0/RPP38/RPP40/RPS15/RPS16/RPS23/RPS5/RPS9/RPSA2/RPUSD1/RRP1/RRP1B/RRP7A/RRP7BP/RRP9/RSRP1/SART1/SCAF11/SF1/SF3A2/SF3B1/SIRT7/SNRPD2/SRPK1/SRPK2/SRSF1/SRSF10/SRSF12/SRSF5/SRSF6/SRSF9/STRAP/SUV39H1/TAF12-DT/TFB1M/TRMT112/TSR3/TSSC4/TXNL4A/U2AF2/URB2/USP36/USP39/UTP18/UTP20/UTP4/WDR12/WDR18/WDR43/YTHDC1/YTHDF2/ZRSR2",145
"GO:0006354","DNA-templated transcription elongation","55/3687","143/18860",0.384615384615385,1.96741148734639,5.72428579756391,1.15809354675106e-07,3.58487857396791e-05,3.13599542001801e-05,"ARMC5/BRD4/CCNK/CCNT2/CDC73/CTR9/EAPP/ELOB/ELOF1/ERCC2/ERCC6/EZH2/GTF2F1/GTF2F2/GTF2H5/HMGN1/HNRNPU/INTS11/INTS13/INTS2/INTS3/INTS5/INTS7/IWS1/KAT7/LARP7/LDB1/MED11/MED15/MED18/MED20/MED25/MED26/MED28/MED4/NELFA/NELFB/NELFCD/NELFE/PARP1/PCID2/POLR2E/POLR2I/PPP1R10/PPP2CA/RBX1/RECQL5/RTF1/SETD5/SIRT6/SUPT4H1/SUPT5H/TCEA2/VHL/WDR43",55
"GO:0033119","negative regulation of RNA splicing","18/3687","27/18860",0.666666666666667,3.41017991140042,6.17777036966735,1.26416881595436e-07,3.72689006646356e-05,3.26022484114547e-05,"C1QBP/CELF4/DYRK1A/HNRNPK/NPM1/PTBP1/PTBP2/PTBP3/RBM10/RBM42/RNPS1/SAP18/SRSF10/SRSF12/SRSF6/SRSF9/TMBIM6/U2AF2",18
"GO:0010639","negative regulation of organelle organization","113/3687","367/18860",0.307901907356948,1.5750013487258,5.4835067299032,1.46708616023783e-07,4.07991995708773e-05,3.56904983961717e-05,"ACD/AKT1/ANKRD27/APC/APC2/ARAP1/ARHGAP28/ARHGEF18/ATM/BBOF1/BMP7/BNIP3/BOK/BUB3/CAPG/CAPZA1/CAPZA2/CARMIL2/CCDC88C/CCNB1/CCNF/CDK10/CENATAC/CENPF/CFL1/CKAP2/CLASP1/CLIP3/CTNNA2/CYRIB/DMRT1/DYRK1A/EHMT2/EML2/EPS8/ERCC4/FBXO5/FEZ1/FKBP4/GEN1/GSN/HASPIN/HDGFL3/HNRNPA1/HNRNPU/HORMAD1/INPP5K/KANK1/KANK2/KANK3/KLHL22/KNL1/MAD1L1/MAD2L1/MAPT/MDM1/MPHOSPH9/MTPN/NAT10/NPM1/NUBP1/OMA1/OPA1/PARP1/PARP3/PFN1/PHF23/PINK1/PML/PPARG/PRELID1/PRKN/RAD21/RBM14/RHPN1/RHPN2/RTEL1/SETMAR/SKA1/SKA3/SLC25A31/SLC25A4/SLC35F6/SLX4/SMAD4/SMARCA5/SMG6/SPC24/SPDL1/SPECC1L/SPTAN1/SPTBN1/SPTBN2/SPTBN4/SSH1/SSH2/SVIL/TAOK1/TBC1D7/TFRC/TMEM14A/TMOD3/TNKS2/TRIAP1/TRIM32/TRIM37/TTBK2/TWF2/USP10/WAPL/WDR44/XRCC1/ZWINT",113
"GO:0000819","sister chromatid segregation","79/3687","233/18860",0.339055793991416,1.73436188627017,5.56002573903223,1.51571893091613e-07,4.07991995708773e-05,3.56904983961717e-05,"ABRAXAS1/ACTB/AKAP8/ANAPC1/ANAPC11/ANAPC2/ANAPC7/APC/ARHGEF10/ARID1B/ATM/BCCIP/BCL7A/BCL7B/BUB3/CCNB1/CDC6/CDK1/CDT1/CENPF/CEP192/CHFR/CHMP1A/CHMP2A/CHMP2B/CHMP3/CHMP5/CHMP6/CHMP7/CLASP1/DPF2/EML4/FBXO5/FLNA/GEN1/HASPIN/HECW2/HNRNPU/KIF11/KIF2A/KLHL22/KNL1/MAD1L1/MAD2L1/MIS12/MYBL2/NCAPD3/NCAPH/NEK6/NSMCE2/NUMA1/NUP62/RAD21/RAN/RCC1/RHOA/RIOK2/RMDN1/SEH1L/SKA1/SKA3/SMARCA4/SMARCA5/SMARCB1/SMARCC1/SMARCD3/SMC4/SPC24/SPDL1/SPICE1/STAG1/STAG2/TENT4A/TUBG1/TUBG2/UHRF1/VPS4B/WAPL/ZWINT",79
"GO:0032886","regulation of microtubule-based process","90/3687","276/18860",0.326086956521739,1.6680227827502,5.51107583314586,1.63641627065149e-07,4.22127213816806e-05,3.69270250548329e-05,"ABL1/APC/APC2/ATF5/AURKA/BBOF1/CAMSAP1/CAMSAP3/CCDC88C/CCNF/CDK11A/CDK11B/CDK2AP2/CDK5R1/CENATAC/CEP120/CEP295/CFAP206/CHMP1A/CHMP2A/CHMP2B/CHMP3/CHMP5/CHMP6/CHMP7/CHORDC1/CKAP2/CLASP1/CLIP3/DCTN1/DIXDC1/DNAAF1/DYNC1H1/DYNLT2B/DYRK1A/EML2/FBXW5/FEZ1/FKBP4/FNTA/FNTB/FSD1/GBA2/GEN1/GNAI1/GPSM2/HAUS3/HAUS6/HDGFL3/HNRNPU/LAMP1/MAPRE2/MAPRE3/MAPT/MDM1/MECP2/NAT10/NPM1/NUBP1/NUMA1/NUP62/ODAD2/PAFAH1B1/PARP3/PDCD6IP/PDE4DIP/PKD1/PLK4/POC1A/PPP2CA/RAC1/RAE1/RBM14/RCC1/RHOA/RNF4/ROCK1/SKA1/SKA3/SPAST/SPECC1L/SPICE1/STMND1/TAOK1/TPPP/TRAF3IP1/TRIM37/TTBK2/TTLL6/VPS4B",90
"GO:0000375","RNA splicing, via transesterification reactions","108/3687","348/18860",0.310344827586207,1.58749754496226,5.45292064348846,1.77153121194459e-07,4.33041626513603e-05,3.78818007194227e-05,"C1QBP/CDC5L/CELF4/CENATAC/CIRBP/COIL/DAZAP1/DCPS/DDX39A/DDX39B/DDX42/DHX15/DHX38/DHX8/DHX9/DYRK1A/ESS2/FMR1/GEMIN2/GEMIN4/GPATCH8/HNRNPA1/HNRNPA3/HNRNPF/HNRNPH1/HNRNPH3/HNRNPK/HNRNPL/HNRNPM/HNRNPR/HNRNPU/HNRNPUL2/HTATSF1/ILF3/KHDRBS1/KHDRBS3/KHSRP/LARP7/LSM1/LSM2/LSM4/LSM7/LSM8/LUC7L/LUC7L2/MPHOSPH10/NCL/NOVA1/NPM1/PABPC1/PAXBP1/PLRG1/PRPF40A/PRPF6/PTBP1/PTBP2/QKI/RBFOX1/RBM10/RBM14/RBM17/RBM19/RBM23/RBM42/RBMX2/RNPS1/RNU6ATAC/RSRP1/SAP18/SART1/SCAF11/SF1/SF3A2/SF3B1/SNRNP25/SNRNP70/SNRPD2/SNRPN/SNW1/SRPK1/SRPK2/SRRM2/SRSF1/SRSF10/SRSF12/SRSF2/SRSF5/SRSF6/SRSF9/STRAP/SYNCRIP/TAF12-DT/TIA1/TRA2A/TSSC4/TXNL4A/TXNL4B/U2AF1L4/U2AF2/UBL5/UPF1/USP39/WTAP/YJU2B/YTHDC1/ZC3H14/ZMAT2/ZRSR2",108
"GO:0051983","regulation of chromosome segregation","52/3687","134/18860",0.388059701492537,1.98503009768084,5.6407851768898,1.81862094804614e-07,4.33041626513603e-05,3.78818007194227e-05,"ACTB/ANAPC1/ANAPC11/ANAPC2/ANAPC7/APC/ARID1B/ATM/BCL7A/BCL7B/BUB3/CCNB1/CDC6/CDK1/CENPF/CHFR/CSNK2A2/DPF2/FBXO5/GEN1/HASPIN/HECW2/HNRNPU/HORMAD1/KLHL22/KNL1/MAD1L1/MAD2L1/NCAPD3/NCAPH/NEK6/NSMCE2/NUMA1/PLSCR1/PPP2R2D/PUM2/RAD18/RAD21/RCC2/RIOK2/SKA1/SKA3/SMARCA4/SMARCB1/SMARCC1/SMARCD3/SMC4/SMC5/SMC6/SPC24/SPDL1/ZWINT",52
"GO:1903046","meiotic cell cycle process","77/3687","227/18860",0.33920704845815,1.73513559368612,5.49286793777678,2.12146312051606e-07,4.86443636263515e-05,4.25533245811115e-05,"ANKRD31/ASZ1/ATM/AURKA/BAG6/BRME1/CCNE2/CDC25B/CDC25C/CHFR/CKS2/DMRT1/EDN1/EHMT2/ERCC4/FANCA/FBXO5/FIGNL1/FZR1/HORMAD1/HSF1/HSF2BP/ING2/KASH5/KCTD19/KNL1/LSM14B/M1AP/MAEL/MAJIN/MCMDC2/MEI1/MEIOSIN/MLH1/MLH3/MND1/MOV10L1/MSH4/MSH5/NCAPD3/NCAPH/NSUN2/PKMYT1/PRDM9/PSMA8/RAB24/RAD21/RAD51AP1/RAD54B/RMI1/RNF212/RPL10L/SIRT7/SKA1/SKA3/SLC25A31/SLX4/SMC4/SPATA22/SPIRE2/SPO11/STAG3/SYCE1/SYCE2/SYCP2/TEX15/TOP6BL/TUBB8/TUBG1/TUBG2/UBB/WASHC5/WNT4/YTHDF2/ZCWPW1/ZNF541/ZWINT",77
"GO:0006310","DNA recombination","110/3687","358/18860",0.307262569832402,1.57173096475159,5.38373976640689,2.40110302504907e-07,5.30901029574243e-05,4.6442387458186e-05,"ABL1/ACTB/ACTR8/ANKRD31/AP5S1/APEX2/APLF/ATM/BCL11B/BRME1/C1QBP/CDC45/CDC7/CHD4/CTBP1-DT/DCAF1/DYRK1A/ENDOG/EPC1/EPC2/ERCC2/ERCC4/ERCC6/FAN1/FIGNL1/FUS/GEN1/H1-2/H2AX/HSF2BP/HSPD1/HTATSF1/INO80C/INO80E/INTS3/KASH5/KIN/KMT5C/LEF1/LIG3/LIG4/MAGEF1/MAJIN/MBTD1/MCM2/MCM3/MCM4/MCM6/MCMDC2/MEAF6/MLH1/MLH3/MMS22L/MND1/MORF4L1/MORF4L2/MRGBP/MRNIP/MSH4/MSH5/NABP2/NFKBIZ/NHEJ1/NSMCE2/NSMCE3/NSMCE4A/PALB2/PARP1/PARP3/PAXIP1/PIAS1/PIAS4/PMS2/POLN/PPP4R2/PRDM9/PRKDC/RAD21/RAD51AP1/RAD54B/RBBP8/RECQL4/RECQL5/REV3L/RMI1/RNF126/RNF212/RPA1/RTEL1/SAMHD1/SANBR/SENP3/SFR1/SHLD2/SIRT6/SLX4/SMC5/SMC6/SMCHD1/SPO11/TEX15/TFRC/TOP6BL/UHRF1/XRCC1/XRCC2/YEATS4/YY1/ZCWPW1/ZGRF1",110
"GO:0006282","regulation of DNA repair","79/3687","236/18860",0.334745762711864,1.71231491313962,5.4281485841293,2.76046498229681e-07,5.89311679496536e-05,5.15520592882653e-05,"ABL1/ABRAXAS1/ACTB/ACTR8/ARID1B/ATM/ATXN7L3/BABAM2/BCL7A/BCL7B/C1QBP/DDX11/DEK/DHX9/DPF2/EPC1/EPC2/ERCC6/FIGNL1/FUS/H2AX/HMGA2/HSF1/INO80C/INO80E/KAT7/KMT5C/MAGEF1/MBTD1/MEAF6/MORF4L1/MORF4L2/MRGBP/MRNIP/OGG1/PARP1/PARP3/PCNA/PIAS4/PML/POLH/PPP4R2/PRKDC/RAD51AP1/RECQL5/RNF126/RTEL1/SENP3/SETMAR/SGF29/SHLD2/SIRT6/SIRT7/SMARCA4/SMARCB1/SMARCC1/SMARCD3/SMCHD1/SPIRE2/SUPT3H/SUPT7L/SUV39H1/TADA2B/TAF12/TAF4/TAF5L/TAF6/TAF7/TEX15/TIGAR/TRIM28/TWIST1/UBE2V1/UIMC1/USP1/XRCC1/YEATS4/YY1/ZCWPW1",79
"GO:0051321","meiotic cell cycle","95/3687","299/18860",0.317725752508361,1.62525296780789,5.37218352625383,2.92494730824746e-07,6.03611626178668e-05,5.28029961436252e-05,"ANAPC1/ANAPC10/ANAPC11/ANAPC13/ANAPC2/ANAPC7/ANKRD31/ASZ1/ATM/AURKA/BAG6/BRME1/BUB3/CCNE2/CDC25B/CDC25C/CHFR/CKS2/DMRT1/EDN1/EHMT2/ERCC4/FAM9A/FANCA/FBXO5/FIGNL1/FZR1/H2AX/HORMAD1/HSF1/HSF2BP/ING2/KASH5/KCTD19/KNL1/LSM14B/M1AP/MAEL/MAJIN/MCMDC2/MEI1/MEIOSIN/MLH1/MLH3/MND1/MOV10L1/MSH4/MSH5/NCAPD3/NCAPH/NSUN2/NUMA1/PKMYT1/PPP2CA/PRDM9/PSMA8/RAB24/RAD21/RAD51AP1/RAD54B/RBBP8/RMI1/RNF212/RPA1/RPL10L/SIRT7/SKA1/SKA3/SLC25A31/SLX4/SMC4/SPATA22/SPIN1/SPIRE2/SPO11/STAG2/STAG3/SYCE1/SYCE2/SYCP2/TEX15/TOP6BL/TUBB8/TUBG1/TUBG2/TUBGCP3/TUBGCP4/UBB/WASHC5/WNT4/XRCC2/YTHDF2/ZCWPW1/ZNF541/ZWINT",95
"GO:0140694","membraneless organelle assembly","131/3687","446/18860",0.29372197309417,1.50246715827395,5.293722983019,3.11375384057461e-07,6.21846775064433e-05,5.43981783013798e-05,"ABRAXAS1/ACTA1/ACTG1/AGO2/AKAP13/ALKBH5/ANLN/ARHGEF10/ARHGEF5/ATXN2/ATXN2L/AURKA/BCCIP/BOP1/C1QBP/C2CD3/CAPRIN1/CDS2/CENPA/CENPF/CENPT/CEP120/CEP192/CEP295/CEP44/CEP63/CEP72/CEP85/CHMP1A/CHMP2A/CHMP2B/CHMP3/CHMP5/CHMP6/CHMP7/CIRBP/CLASP1/CNOT1/CNOT6L/CNTROB/DAZAP2/DDX3X/DEUP1/DHX37/DYNC1H1/EDN1/EIF2A/EIF2S1/EIF4ENIF1/EIF5B/FASTKD2/FBXO5/FITM2/FLNA/FMR1/FUS/G3BP2/GPSM2/GSN/GTF2B/HAUS3/HAUS6/HDAC7/HNRNPU/HSF1/KASH5/KIF11/KIF2A/LCP1/LIAT1/LSM14B/LSM4/MAPRE2/MAPRE3/MAPT/MDM1/MEF2A/MIS12/MLH1/MTERF4/MTG1/MYBL2/MYH10/NEK6/NOA1/NPM1/NUMA1/NUP62/PAN2/PAN3/PATL1/PLA2G4C/PLK4/PLS1/PRKDC/PSPC1/PUM2/PWP2/QKI/RBM14/RCC1/RHOA/RNF4/RPL10L/RPL5/RPS15/RPS23/RPSA2/RRP7A/RRP7BP/SIX4/SKA1/SKA3/SMAD4/SPICE1/STAG1/STAG2/TIA1/TMOD3/TRIM37/TUBB/TUBB8/TUBGCP3/TUBGCP4/UHRF1/USP10/VPS4B/WASHC5/WNK3/YTHDF1/YTHDF2",131
"GO:0043484","regulation of RNA splicing","67/3687","192/18860",0.348958333333333,1.78501604737365,5.38940006318911,3.95869533396447e-07,7.51259674403817e-05,6.5719015290577e-05,"AKAP17A/ATXN7L3/C1QBP/CDK11A/CDK11B/CELF4/CIRBP/CLK1/DAZAP1/DYRK1A/FMR1/FUS/HNRNPA1/HNRNPF/HNRNPH1/HNRNPH2/HNRNPH3/HNRNPK/HNRNPL/HNRNPU/KHDRBS1/KHDRBS3/LARP7/MBNL1/NCL/NOVA1/NPM1/PTBP1/PTBP2/PTBP3/QKI/RBFOX1/RBM10/RBM12/RBM12B/RBM14/RBM19/RBM23/RBM42/RNPS1/RRP1B/SAP18/SGF29/SNRNP70/SNW1/SRPK1/SRPK2/SRSF1/SRSF10/SRSF12/SRSF2/SRSF5/SRSF6/SRSF9/SUPT3H/SUPT7L/TADA2B/TAF12/TAF5L/TIA1/TMBIM6/TRA2A/U2AF2/UPF1/WTAP/YTHDC1/ZNF638",67
"GO:0140014","mitotic nuclear division","90/3687","281/18860",0.320284697508897,1.6383426620607,5.31442194935459,4.01233995291309e-07,7.51259674403817e-05,6.5719015290577e-05,"ABRAXAS1/AKAP8/ANAPC11/ANAPC7/ANLN/APC/ARHGEF10/ATM/AURKA/BCCIP/BMP7/BROX/BUB3/CCDC86/CCNB1/CDC14A/CDC14B/CDC25C/CDC42/CDK1/CDT1/CENPF/CEP192/CEP85/CHMP1A/CHMP2A/CHMP2B/CHMP3/CHMP5/CHMP6/CHMP7/CLASP1/DAPK3/DMRT1/EDN1/EML4/EPS8/FBXO5/FBXW5/FLNA/GEN1/HASPIN/HNRNPU/IGF2/KIF11/KIF2A/KLHL22/KNL1/L3MBTL1/MAD1L1/MAD2L1/MIS12/MYBL2/NCAPD3/NCAPH/NDEL1/NEUROG1/NFIB/NSMCE2/NUMA1/NUP62/PKMYT1/PPP2R2D/RAD21/RAN/RANBP1/RCC1/REEP3/RHOA/RMDN1/SEH1L/SKA1/SKA3/SMARCA5/SMC4/SPAST/SPC24/SPDL1/SPICE1/STAG1/STAG2/TENT4A/TUBG1/TUBG2/UBE2I/UBE2S/UHRF1/VPS4B/WAPL/ZWINT",90
"GO:0007052","mitotic spindle organization","52/3687","137/18860",0.37956204379562,1.94156228532286,5.45232568075365,4.12580018247937e-07,7.51259674403817e-05,6.5719015290577e-05,"ABRAXAS1/AFG2B/ARHGEF10/AURKA/BCCIP/CCNB1/CEP192/CHMP1A/CHMP2A/CHMP2B/CHMP3/CHMP5/CHMP6/CHMP7/CLASP1/DCTN1/DYNC1H1/EFHC1/EML1/FAM110A/FLNA/FSD1/GNAI1/GPSM2/HNRNPU/INTS13/KIF11/KIF2A/MYBL2/NEK6/NUMA1/NUP62/PARP3/PCNT/PKD1/PLK3/POC1A/PTPA/RAE1/RAN/RCC1/RHOA/RMDN1/SPAST/SPICE1/STAG1/STAG2/TACC1/TUBG1/TUBG2/UHRF1/VPS4B",52
"GO:1902850","microtubule cytoskeleton organization involved in mitosis","61/3687","170/18860",0.358823529411765,1.83547918760669,5.39405804962759,4.33699375741126e-07,7.67152238632374e-05,6.71092718252058e-05,"ABRAXAS1/AFG2B/ARHGEF10/AURKA/BCCIP/CCNB1/CDK1/CENPA/CEP192/CHMP1A/CHMP2A/CHMP2B/CHMP3/CHMP5/CHMP6/CHMP7/CLASP1/DCTN1/DYNC1H1/DYNLT1/EFHC1/EML1/FAM110A/FLNA/FSD1/GNAI1/GPSM2/HNRNPU/INTS13/KIF11/KIF2A/MAD2L1/MYBL2/NDEL1/NEK6/NUMA1/NUP62/PAFAH1B1/PARP3/PAX6/PCNT/PKD1/PLK3/POC1A/PTPA/RAE1/RAN/RCC1/RHOA/RMDN1/SPAST/SPDL1/SPICE1/SPRY2/STAG1/STAG2/TACC1/TUBG1/TUBG2/UHRF1/VPS4B",61
"GO:0000377","RNA splicing, via transesterification reactions with bulged adenosine as nucleophile","105/3687","344/18860",0.305232558139535,1.5613469071092,5.17961094025803,6.35466638895767e-07,0.000103944129513627,9.09286904330754e-05,"C1QBP/CDC5L/CELF4/CENATAC/CIRBP/COIL/DAZAP1/DCPS/DDX39A/DDX39B/DDX42/DHX15/DHX38/DHX8/DHX9/DYRK1A/ESS2/FMR1/GEMIN2/GEMIN4/GPATCH8/HNRNPA1/HNRNPA3/HNRNPF/HNRNPH1/HNRNPH3/HNRNPK/HNRNPL/HNRNPM/HNRNPR/HNRNPU/HNRNPUL2/HTATSF1/ILF3/KHDRBS1/KHDRBS3/LARP7/LSM2/LSM4/LSM7/LSM8/LUC7L/LUC7L2/NCL/NOVA1/NPM1/PABPC1/PAXBP1/PLRG1/PRPF40A/PRPF6/PTBP1/PTBP2/QKI/RBFOX1/RBM10/RBM14/RBM17/RBM19/RBM23/RBM42/RBMX2/RNPS1/RNU6ATAC/RSRP1/SAP18/SART1/SCAF11/SF1/SF3A2/SF3B1/SNRNP25/SNRNP70/SNRPD2/SNRPN/SNW1/SRPK1/SRPK2/SRRM2/SRSF1/SRSF10/SRSF12/SRSF2/SRSF5/SRSF6/SRSF9/STRAP/SYNCRIP/TAF12-DT/TIA1/TRA2A/TSSC4/TXNL4A/TXNL4B/U2AF1L4/U2AF2/UBL5/UPF1/USP39/WTAP/YJU2B/YTHDC1/ZC3H14/ZMAT2/ZRSR2",105
"GO:0000398","mRNA splicing, via spliceosome","105/3687","344/18860",0.305232558139535,1.5613469071092,5.17961094025803,6.35466638895767e-07,0.000103944129513627,9.09286904330754e-05,"C1QBP/CDC5L/CELF4/CENATAC/CIRBP/COIL/DAZAP1/DCPS/DDX39A/DDX39B/DDX42/DHX15/DHX38/DHX8/DHX9/DYRK1A/ESS2/FMR1/GEMIN2/GEMIN4/GPATCH8/HNRNPA1/HNRNPA3/HNRNPF/HNRNPH1/HNRNPH3/HNRNPK/HNRNPL/HNRNPM/HNRNPR/HNRNPU/HNRNPUL2/HTATSF1/ILF3/KHDRBS1/KHDRBS3/LARP7/LSM2/LSM4/LSM7/LSM8/LUC7L/LUC7L2/NCL/NOVA1/NPM1/PABPC1/PAXBP1/PLRG1/PRPF40A/PRPF6/PTBP1/PTBP2/QKI/RBFOX1/RBM10/RBM14/RBM17/RBM19/RBM23/RBM42/RBMX2/RNPS1/RNU6ATAC/RSRP1/SAP18/SART1/SCAF11/SF1/SF3A2/SF3B1/SNRNP25/SNRNP70/SNRPD2/SNRPN/SNW1/SRPK1/SRPK2/SRRM2/SRSF1/SRSF10/SRSF12/SRSF2/SRSF5/SRSF6/SRSF9/STRAP/SYNCRIP/TAF12-DT/TIA1/TRA2A/TSSC4/TXNL4A/TXNL4B/U2AF1L4/U2AF2/UBL5/UPF1/USP39/WTAP/YJU2B/YTHDC1/ZC3H14/ZMAT2/ZRSR2",105
"GO:0070507","regulation of microtubule cytoskeleton organization","60/3687","168/18860",0.357142857142857,1.82688209539308,5.30677302648505,6.44921862721492e-07,0.000103944129513627,9.09286904330754e-05,"ABL1/APC/APC2/BBOF1/CAMSAP1/CAMSAP3/CCDC88C/CDK2AP2/CDK5R1/CHMP1A/CHMP2A/CHMP2B/CHMP3/CHMP5/CHMP6/CHMP7/CKAP2/CLASP1/CLIP3/DCTN1/DIXDC1/DYNC1H1/DYRK1A/EML2/FKBP4/FSD1/GBA2/GNAI1/GPSM2/HAUS3/HAUS6/HDGFL3/HNRNPU/MAPRE2/MAPRE3/MAPT/MECP2/NUMA1/NUP62/PAFAH1B1/PARP3/PDE4DIP/PKD1/PPP2CA/RAC1/RAE1/RCC1/RHOA/RNF4/ROCK1/SKA1/SKA3/SPAST/SPECC1L/STMND1/TAOK1/TPPP/TRAF3IP1/TTBK2/VPS4B",60
"GO:0000956","nuclear-transcribed mRNA catabolic process","49/3687","128/18860",0.3828125,1.95818924599946,5.36196991326756,6.54792610407278e-07,0.000103944129513627,9.09286904330754e-05,"AGO1/AGO2/ATM/CAPRIN1/CNOT1/CNOT4/CNOT6L/CNOT8/CNOT9/CTIF/DCPS/DHX34/DHX9/EIF4ENIF1/EXOSC2/EXOSC5/EXOSC8/FMR1/GSPT1/HBS1L/HNRNPAB/HNRNPU/LSM1/LSM4/LSM7/MLH1/PABPC1/PAN2/PAN3/PARN/PATL1/PDE12/PNRC1/POLR2G/RNPS1/SKIC2/SKIC3/SMG6/SMG7/SMG9/SYNCRIP/TENT2/TENT4A/TNRC6B/TNRC6C/UPF1/UPF2/YBX1/ZFP36L1",49
"GO:0051298","centrosome duplication","35/3687","80/18860",0.4375,2.23793056685652,5.46957593768801,6.72409005253361e-07,0.000104072103788089,9.10406403165406e-05,"ARHGEF10/BRSK1/C2CD3/CCNF/CENATAC/CEP120/CEP192/CEP295/CEP44/CEP63/CEP72/CEP85/CHMP1A/CHMP2A/CHMP2B/CHMP3/CHMP5/CHORDC1/CNTROB/DEUP1/FBXW5/GEN1/MDM1/NAT10/NPM1/NUBP1/NUP62/PDCD6IP/PKD2/PLK4/POC1A/RBM14/SPICE1/TRIM37/VPS4B",35
"GO:0007127","meiosis I","50/3687","132/18860",0.378787878787879,1.9376022223866,5.32868518868276,7.33972351789412e-07,0.000110829825120201,9.69521887023498e-05,"ANKRD31/ATM/AURKA/BAG6/BRME1/CCNE2/CDC25B/CKS2/DMRT1/EHMT2/ERCC4/FBXO5/HORMAD1/HSF2BP/ING2/KASH5/KNL1/M1AP/MAEL/MAJIN/MCMDC2/MEI1/MLH1/MLH3/MND1/MOV10L1/MSH4/MSH5/PRDM9/PSMA8/RAD21/RAD51AP1/RAD54B/RMI1/RNF212/RPL10L/SIRT7/SLC25A31/SLX4/SPATA22/SPO11/STAG3/SYCE1/SYCE2/SYCP2/TEX15/TOP6BL/UBB/ZCWPW1/ZWINT",50
"GO:0006368","transcription elongation by RNA polymerase II","49/3687","129/18860",0.37984496124031,1.94300948440256,5.29773955717383,8.57165667321689e-07,0.00012635030110449,0.000110529257102007,"ARMC5/BRD4/CCNK/CCNT2/CDC73/CTR9/EAPP/ELOB/ELOF1/ERCC6/EZH2/GTF2F1/GTF2F2/HNRNPU/INTS11/INTS13/INTS2/INTS3/INTS5/INTS7/IWS1/LARP7/LDB1/MED11/MED15/MED18/MED20/MED25/MED26/MED28/MED4/NELFA/NELFB/NELFCD/NELFE/PARP1/PCID2/POLR2I/PPP1R10/PPP2CA/RBX1/RECQL5/RTF1/SIRT6/SUPT4H1/SUPT5H/TCEA2/VHL/WDR43",49
"GO:0048025","negative regulation of mRNA splicing, via spliceosome","15/3687","22/18860",0.681818181818182,3.48768400029588,5.75505299635697,9.49214413427256e-07,0.000136664800779724,0.000119552219267643,"C1QBP/CELF4/DYRK1A/HNRNPK/NPM1/PTBP1/RBM10/RBM42/RNPS1/SAP18/SRSF10/SRSF12/SRSF6/SRSF9/U2AF2",15
"GO:0031507","heterochromatin formation","58/3687","163/18860",0.355828220858896,1.82015737602353,5.18400251280371,1.12921620901125e-06,0.000158885853408833,0.000138990846779017,"BAP1/BEND3/CBX1/CBX5/CDKN2B-AS1/CDYL/DNMT1/DYRK1A/EED/EHMT1/EHMT2/EZH1/EZH2/H1-2/H2AC11/H2AC12/H2AC13/H2AC15/H2AC17/H2AC18/H2AC19/H2AC20/H2AC25/H2AC6/H2AC8/H2AX/HMGA2/HNRNPK/HNRNPU/JARID2/L3MBTL1/MAEL/MBD1/MBD3/MECP2/MIS18A/MORC1/MORC2/MOV10L1/PARTICL/PCGF3/PCGF5/PPHLN1/PPM1D/SIRT6/SMARCA4/SMARCA5/SMCHD1/SPEN/SPIN1/SPTY2D1/SUV39H1/TDRD5/TEX15/TRIM28/UHRF1/YTHDC1/ZNFX1",58
"GO:0046605","regulation of centrosome cycle","28/3687","59/18860",0.474576271186441,2.42758569964097,5.41374617838746,1.18593188988831e-06,0.000163157874006635,0.00014272794323919,"ATF5/AURKA/CCNF/CDK11A/CDK11B/CENATAC/CEP120/CEP295/CHMP1A/CHMP2A/CHMP2B/CHMP3/CHMP5/CHORDC1/FBXW5/GEN1/MDM1/NAT10/NPM1/NUBP1/NUP62/PDCD6IP/PLK4/POC1A/RBM14/SPICE1/TRIM37/VPS4B",28
"GO:0045786","negative regulation of cell cycle","117/3687","399/18860",0.293233082706767,1.49996635200695,4.9757641179273,1.43534140040263e-06,0.000193178230649842,0.000168989279292255,"ABL1/ABRAXAS1/APBB2/APC/ATF5/ATM/BABAM2/BMP2/BMP7/BRD4/BRSK1/BUB3/CACNB4/CAMSAP3/CCNB1/CCND1/CCNF/CDC14B/CDC45/CDC5L/CDC6/CDC73/CDK1/CDK2AP2/CDKN2A/CDT1/CEBPA/CENATAC/CENPF/CEP63/CHFR/CHMP2A/CLOCK/CRY1/DACT1/DMRT1/DNA2/DTL/E2F7/ERCC6/EZH2/FBXO31/FBXO5/FBXO7/FHL1/FOXC1/FOXN3/FOXO4/FZD3/FZR1/GEN1/GMNN/GNB1L/H2AX/HASPIN/HECA/HORMAD1/HOXD10/HPGD/INCA1/INHBA/INTS3/INTS7/IPO5/KANK2/KLF4/KLHL22/KNL1/MAD1L1/MAD2L1/MDM1/MRNIP/NABP2/NAE1/NPM1/NSUN2/NUBP1/PABIR1/PKD2/PKMYT1/PLK3/PML/PPP1R10/PRKDC/PRMT2/RAD21/RAD9A/RBBP8/RBL2/RBM14/RNF167/SETMAR/SKA1/SKA3/SMARCA5/SPC24/SPDL1/SUV39H1/TAF6/TAOK1/TAOK2/TELO2/THAP5/TP53BP2/TP53I13/TPRA1/TRIAP1/TRIM37/TRIM39/UIMC1/WAC/WAPL/ZBTB17/ZFP36L1/ZFYVE19/ZNHIT1/ZWINT",117
"GO:0061982","meiosis I cell cycle process","52/3687","142/18860",0.366197183098592,1.87319741612136,5.14857522804182,1.48175923083647e-06,0.000195182370172523,0.000170742469040395,"ANKRD31/ATM/AURKA/BAG6/BRME1/CCNE2/CDC25B/CDC25C/CKS2/DMRT1/EHMT2/ERCC4/FBXO5/HORMAD1/HSF2BP/ING2/KASH5/KNL1/M1AP/MAEL/MAJIN/MCMDC2/MEI1/MLH1/MLH3/MND1/MOV10L1/MSH4/MSH5/PKMYT1/PRDM9/PSMA8/RAD21/RAD51AP1/RAD54B/RMI1/RNF212/RPL10L/SIRT7/SLC25A31/SLX4/SPATA22/SPO11/STAG3/SYCE1/SYCE2/SYCP2/TEX15/TOP6BL/UBB/ZCWPW1/ZWINT",52
"GO:0010948","negative regulation of cell cycle process","97/3687","318/18860",0.30503144654088,1.56031816700868,4.96741158054852,1.72712990444967e-06,0.000222532751336047,0.000194668152517485,"ABRAXAS1/APBB2/APC/ATF5/ATM/BABAM2/BMP7/BRD4/BRSK1/BUB3/CACNB4/CAMSAP3/CCNB1/CCND1/CCNF/CDC14B/CDC45/CDC5L/CDC6/CDC73/CDK1/CDK2AP2/CDT1/CENATAC/CENPF/CEP63/CHFR/CHMP2A/CLOCK/CRY1/DACT1/DMRT1/DNA2/DTL/E2F7/ERCC6/EZH2/FBXO31/FBXO5/FBXO7/FHL1/FOXN3/FOXO4/FZR1/GEN1/GNB1L/H2AX/HASPIN/HORMAD1/INHBA/INTS3/INTS7/KANK2/KLF4/KLHL22/KNL1/MAD1L1/MAD2L1/MDM1/MRNIP/NABP2/NAE1/NPM1/NSUN2/NUBP1/PABIR1/PKD2/PKMYT1/PLK3/PPP1R10/PRKDC/PRMT2/RAD21/RAD9A/RBBP8/RBL2/RBM14/SETMAR/SKA1/SKA3/SMARCA5/SPC24/SPDL1/TAOK1/TAOK2/TELO2/TPRA1/TRIAP1/TRIM37/TRIM39/UIMC1/WAC/WAPL/ZFP36L1/ZFYVE19/ZNHIT1/ZWINT",97
"GO:0140013","meiotic nuclear division","68/3687","203/18860",0.334975369458128,1.71348941361006,5.03819319524978,1.76128328468201e-06,0.000222532751336047,0.000194668152517485,"ANKRD31/ASZ1/ATM/AURKA/BAG6/BRME1/CCNE2/CDC25B/CHFR/CKS2/DMRT1/EHMT2/ERCC4/FANCA/FBXO5/FIGNL1/FZR1/HORMAD1/HSF1/HSF2BP/ING2/KASH5/KCTD19/KNL1/M1AP/MAEL/MAJIN/MCMDC2/MEI1/MEIOSIN/MLH1/MLH3/MND1/MOV10L1/MSH4/MSH5/NCAPH/PRDM9/PSMA8/RAB24/RAD21/RAD51AP1/RAD54B/RMI1/RNF212/RPL10L/SIRT7/SKA1/SKA3/SLC25A31/SLX4/SMC4/SPATA22/SPIRE2/SPO11/STAG3/SYCE1/SYCE2/SYCP2/TEX15/TOP6BL/TUBB8/UBB/WASHC5/WNT4/ZCWPW1/ZNF541/ZWINT",68
"GO:0032784","regulation of DNA-templated transcription elongation","41/3687","104/18860",0.394230769230769,2.01659677453005,5.12454669983915,2.1710390980428e-06,0.000268818061119659,0.000235157813882741,"BRD4/CCNK/CCNT2/CDC73/EAPP/ERCC6/EZH2/GTF2F1/HMGN1/HNRNPU/INTS11/INTS13/INTS2/INTS3/INTS5/INTS7/KAT7/LARP7/LDB1/MED11/MED15/MED18/MED20/MED25/MED26/MED28/MED4/NELFA/NELFB/NELFCD/NELFE/PARP1/PPP1R10/RECQL5/SETD5/SIRT6/SUPT4H1/SUPT5H/TCEA2/VHL/WDR43",41
"GO:0050686","negative regulation of mRNA processing","15/3687","23/18860",0.652173913043478,3.33604556550041,5.52585556185135,2.23358391572596e-06,0.00027113956906391,0.000237188632536843,"C1QBP/CELF4/DYRK1A/HNRNPK/NPM1/PTBP1/RBM10/RBM42/RNPS1/SAP18/SRSF10/SRSF12/SRSF6/SRSF9/U2AF2",15
"GO:1902749","regulation of cell cycle G2/M phase transition","46/3687","122/18860",0.377049180327869,1.92870831054614,5.07291750596361,2.32372462057972e-06,0.000276657290884789,0.000242015448843778,"ABRAXAS1/ATF5/ATM/AURKA/BABAM2/BRD4/BRSK1/CCNB1/CCND1/CCNQ/CDC14B/CDC25B/CDC25C/CDC6/CDC7/CDK1/CDK10/CENPF/CHFR/DTL/FBXO5/FHL1/FOXN3/FOXO4/FZR1/INTS3/KCNH5/MARK3/MRNIP/NABP2/NAE1/NPM1/PABIR1/PAXIP1/PKMYT1/RAD21/RBBP8/RCC2/SMARCD3/TAOK1/TAOK2/TRIM39/UIMC1/VPS4B/WNT10B/ZFYVE19",46
"GO:0000075","cell cycle checkpoint signaling","63/3687","187/18860",0.336898395721925,1.72332621191091,4.90013593701494,3.35534236351473e-06,0.000391941973066409,0.000342864676470373,"ABRAXAS1/APC/ATM/BABAM2/BRD4/BRSK1/BUB3/CAMSAP3/CCNB1/CCND1/CDC14B/CDC45/CDC5L/CDC6/CDK1/CDT1/CENPF/CEP63/CHFR/CLOCK/CRY1/DNA2/DTL/ERCC6/FBXO31/FOXN3/FOXO4/FZR1/GEN1/GNB1L/H2AX/HASPIN/HORMAD1/INTS3/INTS7/KLHL22/KNL1/MAD1L1/MAD2L1/MRNIP/NABP2/NAE1/NSUN2/PABIR1/PLK3/PPP1R10/PRKDC/RAD9A/RBBP8/SETMAR/SKA1/SKA3/SPC24/SPDL1/TAOK1/TAOK2/TELO2/TRIAP1/TRIM39/UIMC1/WAC/ZFYVE19/ZWINT",63
"GO:0006260","DNA replication","89/3687","290/18860",0.306896551724138,1.56985868335157,4.82081413314679,3.44715659769753e-06,0.000395210120302693,0.000345723600295396,"ACTR8/ADRA2A/ASCC1/ATM/BOD1L1/CAMSAP3/CCNE2/CDC34/CDC45/CDC6/CDC7/CDK1/CDT1/CHRAC1/CHTF18/CHTF8/DDX11/DHX9/DNA2/DNAJA3/DTL/DYNLL1/E2F7/EHMT2/ENDOG/ESCO1/FBXO5/FZR1/GEN1/GINS3/GMNN/ING5/INO80C/INO80E/KAT7/KCTD13/KIN/LIG3/LRWD1/MCM2/MCM3/MCM4/MCM6/MEAF6/MMS22L/NFIB/NFIC/NFIX/ORC6/PARP1/PCNA/POLA1/POLA2/POLD3/POLE/POLG2/POLH/POLN/POLRMT/PRIM1/PRKDC/PURA/RBBP7/RBBP8/RECQL4/RECQL5/REV1/REV3L/RFC3/RMI1/RNF126/RPA1/RTEL1/SAMHD1/SENP2/SET/SETMAR/SLX4/SMARCA5/TOP1/TOP1MT/TWNK/UPF1/USP37/WAPL/WDHD1/WDR18/WRNIP1/YY1",89
"GO:0051054","positive regulation of DNA metabolic process","87/3687","283/18860",0.307420494699647,1.57253879306627,4.78377247384153,4.09375903860606e-06,0.000460808403782003,0.00040310794743786,"ABRAXAS1/ACD/ACTB/ACTR8/AKT1/ANKRD31/ARID1B/ATM/BABAM2/BCL7A/BCL7B/CCT3/CCT5/CDC7/CDK1/CDT1/CHTF18/CHTF8/DDX11/DHX9/DKC1/DNA2/DPF2/E2F7/ENDOG/EPC1/EPC2/ERCC2/ERCC6/FUS/H2AX/HNRNPA1/HSF1/HSP90AA1/INO80C/INO80E/KAT7/KCTD13/KLF4/KMT5C/MAP2K7/MBTD1/MEAF6/MLH1/MORF4L1/MORF4L2/MRGBP/MRNIP/NABP2/PARN/PARP1/PARP3/PAXIP1/PCNA/PIAS4/PKIB/PML/PMS2/POLG2/PPP1R10/PRDM9/PRKDC/PTGES3/RAD51AP1/RFC3/RNF126/RTEL1/SETMAR/SHLD2/SIRT6/SLX4/SMARCA4/SMARCA5/SMARCB1/SMARCC1/SMARCD3/SMCHD1/SPIRE2/TFRC/TIGAR/TNKS2/TRIM28/UIMC1/USP1/YEATS4/YY1/ZCWPW1",87
"GO:0010824","regulation of centrosome duplication","24/3687","50/18860",0.48,2.4553295362083,5.07939653150551,5.30171542300762e-06,0.000583196729192878,0.000510171330487781,"CCNF/CENATAC/CEP120/CEP295/CHMP1A/CHMP2A/CHMP2B/CHMP3/CHMP5/CHORDC1/FBXW5/GEN1/MDM1/NAT10/NPM1/NUBP1/NUP62/PDCD6IP/PLK4/POC1A/RBM14/SPICE1/TRIM37/VPS4B",24
"GO:0070192","chromosome organization involved in meiotic cell cycle","29/3687","66/18860",0.439393939393939,2.24761857796846,5.00500320315707,5.36944169988597e-06,0.000583196729192878,0.000510171330487781,"ANKRD31/ATM/BAG6/CCNE2/EHMT2/HORMAD1/KASH5/MAEL/MAJIN/MCMDC2/MLH1/MLH3/MND1/MSH4/MSH5/NCAPD3/NCAPH/PRDM9/RNF212/SIRT7/SMC4/SPATA22/SPO11/STAG3/SYCE1/SYCE2/SYCP2/TEX15/ZCWPW1",29
"GO:0045132","meiotic chromosome segregation","38/3687","97/18860",0.391752577319588,2.00392015412189,4.88645688250528,6.01226731327867e-06,0.000641757705801867,0.000561399552210867,"ANKRD31/ATM/AURKA/BAG6/CCNE2/CHFR/EHMT2/FBXO5/HORMAD1/KASH5/KNL1/M1AP/MAEL/MAJIN/MCMDC2/MLH1/MLH3/MND1/MSH4/MSH5/NCAPH/PRDM9/RNF212/SIRT7/SKA1/SKA3/SMC4/SPATA22/SPO11/STAG3/SYCE1/SYCE2/SYCP2/TEX15/TUBB8/WASHC5/ZCWPW1/ZWINT",38
"GO:1901988","negative regulation of cell cycle phase transition","84/3687","274/18860",0.306569343065693,1.56818492276078,4.67016463001821,6.69787114833337e-06,0.000702822377615795,0.000614817967139611,"ABRAXAS1/APBB2/APC/ATF5/ATM/BABAM2/BRD4/BRSK1/BUB3/CACNB4/CAMSAP3/CCNB1/CCND1/CDC14B/CDC45/CDC5L/CDC6/CDC73/CDK1/CDK2AP2/CDT1/CENPF/CEP63/CHFR/CLOCK/CRY1/DACT1/DNA2/DTL/E2F7/ERCC6/EZH2/FBXO31/FBXO5/FBXO7/FHL1/FOXN3/FOXO4/FZR1/GEN1/GNB1L/H2AX/HASPIN/HORMAD1/INHBA/INTS3/INTS7/KANK2/KLF4/KLHL22/KNL1/MAD1L1/MAD2L1/MRNIP/NABP2/NAE1/NSUN2/PABIR1/PKD2/PKMYT1/PLK3/PPP1R10/PRKDC/PRMT2/RAD21/RAD9A/RBBP8/RBL2/SETMAR/SKA1/SKA3/SPC24/SPDL1/TAOK1/TAOK2/TELO2/TPRA1/TRIAP1/TRIM39/UIMC1/WAC/ZFP36L1/ZFYVE19/ZWINT",84
"GO:0034243","regulation of transcription elongation by RNA polymerase II","37/3687","94/18860",0.393617021276596,2.01345728811408,4.85560881459712,6.96880849328276e-06,0.000719064889698559,0.000629026661367365,"BRD4/CCNK/CCNT2/CDC73/EAPP/ERCC6/EZH2/GTF2F1/HNRNPU/INTS11/INTS13/INTS2/INTS3/INTS5/INTS7/LARP7/LDB1/MED11/MED15/MED18/MED20/MED25/MED26/MED28/MED4/NELFA/NELFB/NELFCD/NELFE/PARP1/PPP1R10/RECQL5/SIRT6/SUPT4H1/SUPT5H/VHL/WDR43",37
"GO:0051258","protein polymerization","88/3687","291/18860",0.302405498281787,1.54688573300637,4.63456524294944,7.4761932322573e-06,0.000758772332801721,0.00066376210836866,"ABITRAM/ABL1/ARHGAP28/ARPC2/ARPC5/BAG4/BLOC1S2/CAMSAP1/CAMSAP3/CAPG/CAPZA1/CAPZA2/CARMIL2/CDC42EP3/CDC42EP4/CDK1/CDK5R1/CEP192/CFL1/CHMP2A/CHMP3/CLASP1/CLIP3/CORO7/CYRIB/DAAM2/DCTN1/DNM2/DYRK1A/EML2/EPS8/EVL/FBXO5/FKBP4/GBA2/GPX4/GRB2/GSN/HAUS3/HAUS6/HDGFL3/HSP90AA1/JAK2/KANK1/KANK2/KANK3/KIRREL1/MAPRE3/MAPT/MECP2/MLST8/MTPN/NCKAP1/NDEL1/NUMA1/PCNT/PDE4DIP/PFN1/PFN2/PINK1/PPP2CA/PRKCE/PRKN/PYCARD/RAC1/RANBP9/RASA1/SKA1/SPTAN1/SPTBN1/SPTBN2/SPTBN4/SSH1/SSH2/SSNA1/SVIL/TMOD3/TPGS2/TPPP/TRIM32/TUBG1/TUBG2/TUBGCP3/TUBGCP4/TWF2/UBE2K/UBE2S/WASHC5",88
"GO:0007129","homologous chromosome pairing at meiosis","25/3687","54/18860",0.462962962962963,2.36818049402807,4.96309089045972,7.64538367519008e-06,0.000763428553759707,0.000667835297264058,"ANKRD31/BAG6/CCNE2/EHMT2/HORMAD1/KASH5/MAEL/MAJIN/MCMDC2/MLH1/MLH3/MND1/MSH4/MSH5/PRDM9/RNF212/SIRT7/SPATA22/SPO11/STAG3/SYCE1/SYCE2/SYCP2/TEX15/ZCWPW1",25
"GO:0010389","regulation of G2/M transition of mitotic cell cycle","41/3687","109/18860",0.376146788990826,1.92409233533143,4.76954082302377,8.62393740036557e-06,0.000847472959454972,0.000741356022136689,"ABRAXAS1/ATM/AURKA/BABAM2/BRD4/BRSK1/CCNB1/CCND1/CDC14B/CDC25B/CDC25C/CDC6/CDC7/CDK1/CENPF/CHFR/DTL/FBXO5/FHL1/FOXN3/FOXO4/FZR1/INTS3/KCNH5/MARK3/MRNIP/NABP2/NAE1/PABIR1/PKMYT1/RAD21/RBBP8/RCC2/SMARCD3/TAOK1/TAOK2/TRIM39/UIMC1/VPS4B/WNT10B/ZFYVE19",41
"GO:0000070","mitotic sister chromatid segregation","63/3687","192/18860",0.328125,1.67844792514239,4.65777394343192,8.84527195091988e-06,0.000855641853877265,0.000748502042557283,"ABRAXAS1/AKAP8/ANAPC11/ANAPC7/APC/ARHGEF10/ATM/BCCIP/BUB3/CCNB1/CDK1/CDT1/CENPF/CEP192/CHMP1A/CHMP2A/CHMP2B/CHMP3/CHMP5/CHMP6/CHMP7/CLASP1/EML4/FBXO5/FLNA/GEN1/HASPIN/HNRNPU/KIF11/KIF2A/KLHL22/KNL1/MAD1L1/MAD2L1/MIS12/MYBL2/NCAPD3/NCAPH/NSMCE2/NUMA1/NUP62/RAD21/RAN/RCC1/RHOA/RMDN1/SEH1L/SKA1/SKA3/SMARCA5/SMC4/SPC24/SPDL1/SPICE1/STAG1/STAG2/TENT4A/TUBG1/TUBG2/UHRF1/VPS4B/WAPL/ZWINT",63
"GO:0000288","nuclear-transcribed mRNA catabolic process, deadenylation-dependent decay","27/3687","61/18860",0.442622950819672,2.26413584281503,4.87474002231526,9.51027514845971e-06,0.000905817129909447,0.000792394585244133,"AGO2/CAPRIN1/CNOT1/CNOT4/CNOT6L/CNOT8/CNOT9/DCPS/DHX9/EIF4ENIF1/FMR1/HNRNPU/LSM1/MLH1/PABPC1/PAN2/PAN3/PARN/PATL1/PDE12/POLR2G/SYNCRIP/TENT4A/TNRC6B/TNRC6C/YBX1/ZFP36L1",27
"GO:0048024","regulation of mRNA splicing, via spliceosome","43/3687","117/18860",0.367521367521368,1.87997097679767,4.70654154850352,1.04208083868058e-05,0.000970164906382722,0.000848685008516455,"C1QBP/CELF4/CIRBP/DAZAP1/DYRK1A/FMR1/HNRNPA1/HNRNPK/HNRNPL/HNRNPU/KHDRBS1/KHDRBS3/LARP7/NCL/NOVA1/NPM1/PTBP1/QKI/RBFOX1/RBM10/RBM14/RBM19/RBM23/RBM42/RNPS1/SAP18/SNRNP70/SNW1/SRPK1/SRPK2/SRSF1/SRSF10/SRSF12/SRSF2/SRSF5/SRSF6/SRSF9/TIA1/TRA2A/U2AF2/UPF1/WTAP/YTHDC1",43
"GO:0044839","cell cycle G2/M phase transition","55/3687","162/18860",0.339506172839506,1.73666569562058,4.64184405670686,1.05784029481625e-05,0.000970164906382722,0.000848685008516455,"ABRAXAS1/AKAP8/ATF5/ATM/AURKA/BABAM2/BRD4/BRSK1/CALM3/CCNB1/CCND1/CCNQ/CDC14B/CDC25B/CDC25C/CDC6/CDC7/CDK1/CDK10/CENPF/CHFR/DNM2/DTL/FBXL15/FBXO5/FHL1/FOXN3/FOXO4/FZR1/INTS3/KCNH5/KDM8/KHDRBS1/MARK3/MRNIP/NABP2/NAE1/NPM1/PABIR1/PAXIP1/PKMYT1/PLK3/PPM1D/PPME1/RAD21/RBBP8/RCC2/SMARCD3/TAOK1/TAOK2/TRIM39/UIMC1/VPS4B/WNT10B/ZFYVE19",55
"GO:1901991","negative regulation of mitotic cell cycle phase transition","63/3687","193/18860",0.326424870466321,1.6697513037686,4.61015076849797,1.06559866958529e-05,0.000970164906382722,0.000848685008516455,"ABRAXAS1/APC/ATM/BABAM2/BRSK1/BUB3/CACNB4/CCNB1/CCND1/CDC14B/CDC6/CDC73/CDK1/CDK2AP2/CENPF/CHFR/DACT1/DTL/E2F7/EZH2/FBXO31/FBXO5/FBXO7/FHL1/FOXN3/FOXO4/FZR1/GEN1/HASPIN/INHBA/INTS3/KANK2/KLF4/KLHL22/KNL1/MAD1L1/MAD2L1/MRNIP/NABP2/NAE1/PABIR1/PKD2/PKMYT1/PLK3/PRKDC/PRMT2/RAD21/RBBP8/RBL2/SKA1/SKA3/SPC24/SPDL1/TAOK1/TAOK2/TPRA1/TRIAP1/TRIM39/UIMC1/WAC/ZFP36L1/ZFYVE19/ZWINT",63
"GO:0016072","rRNA metabolic process","82/3687","270/18860",0.303703703703704,1.55352640408241,4.5158623921072,1.26291809302179e-05,0.0011331486831736,0.000991260654248221,"BOP1/BRF1/BYSL/CDKN2A/CHD7/DDX10/DDX11/DDX51/DDX52/DEDD2/DHX37/DKC1/ERCC2/ERCC6/ESF1/EXOSC1/EXOSC2/EXOSC5/EXOSC8/FBL/FTSJ3/GEMIN4/GTF2H5/GTF3A/GTF3C1/GTF3C2/HEATR1/KRI1/LYAR/MAK16/MAPT/MPHOSPH10/MPHOSPH6/MTERF4/MYG1/NAT10/NCL/NOB1/NOL7/NOLC1/NOP56/PAK1IP1/POLR1A/POLR2E/POP4/POP7/PPAN/PRKDC/PWP1/PWP2/RBFA/RIOK2/RPL5/RPP38/RPP40/RPS15/RPS16/RPUSD1/RRP1/RRP1B/RRP7A/RRP7BP/RRP9/SART1/SIRT7/SMARCA4/SMARCB1/SPIN1/SUV39H1/TAF1B/TFB1M/TOP1/TRMT112/TSR3/USP36/UTP18/UTP20/UTP4/WDR12/WDR18/WDR43/YTHDF2",82
"GO:0001701","in utero embryonic development","120/3687","429/18860",0.27972027972028,1.4308447180701,4.44974516436252,1.29197393525834e-05,0.00114265866188348,0.000999579834120926,"ACVR1B/ADAM10/ADCY9/AKAP3/AKT1/APBA1/ARMC5/B9D1/BAP1/BMP2/BMP7/BMPR1A/BNIP2/BRK1/BTF3/BYSL/C2CD3/CAMSAP3/CCN1/CCNB1/CEBPA/CELF4/CHD7/CITED1/CMIP/CMTM3/CNOT1/CTR9/DAD1/DNAJB6/E2F7/EDN1/EIF2S2/ENDOG/ERCC2/FKRP/FOXC1/FUT8/GATA2/GPI/GRB2/GSE1/HCFC1/HEY2/HM13/HORMAD1/HS6ST1/HSF1/IGF2/INPP5K/IWS1/JAG2/KDM4C/KDM8/KLF4/LEF1/LIG4/MAFF/MAFG/MATR3/MBD3/MBNL1/MDFI/MGAT1/MIB1/MYB/MYH10/NCKAP1/NCOA1/NDEL1/NOTCH1/NPAT/NR2F2/NSUN2/PALB2/PCGF2/PKD1/PKD2/PLK4/PLOD3/POLG2/PPP4R4/PRICKLE2/PTPN18/RBBP8/RIC8A/RPA1/RRP7A/RSPO3/RTCB/RTF1/SCO2/SEC24C/SEC24D/SENP2/SMAD2/SMAD4/SMARCB1/SMG9/SP3/SPINT2/SRSF1/SUV39H1/TAB1/TAF8/TBX3/TEAD4/TENT5C/TRIM28/TTLL4/TWIST1/UNK/VASH1/VASH2/WDTC1/XRCC2/YBX1/YTHDC1/ZFP14/ZFP36L1",120
"GO:0033045","regulation of sister chromatid segregation","40/3687","107/18860",0.373831775700935,1.91225041760771,4.66477555990723,1.31083876856976e-05,0.00114301448115709,0.000999891099227784,"ACTB/ANAPC1/ANAPC11/ANAPC2/ANAPC7/APC/ARID1B/ATM/BCL7A/BCL7B/BUB3/CCNB1/CDC6/CDK1/CENPF/CHFR/DPF2/FBXO5/GEN1/HASPIN/HECW2/HNRNPU/KLHL22/KNL1/MAD1L1/MAD2L1/NEK6/NSMCE2/NUMA1/RAD21/RIOK2/SKA1/SKA3/SMARCA4/SMARCB1/SMARCC1/SMARCD3/SPC24/SPDL1/ZWINT",40
"GO:0006352","DNA-templated transcription initiation","73/3687","234/18860",0.311965811965812,1.5957893175143,4.52065132644804,1.3471018880231e-05,0.00115832052621542,0.00101328058682439,"ARID1B/ARMC5/ATAD2/BRF1/CCNH/CEBPA/CTCFL/DPY30/EGR1/ELOB/ERCC2/ERCC6/FOXO1/GTF2A1/GTF2A1L/GTF2B/GTF2F1/GTF2F2/GTF2H5/GTF3C1/HEMK2/HEY2/INTS11/INTS13/INTS2/INTS3/INTS5/INTS7/KAT7/L3MBTL3/MAZ/MED11/MED15/MED18/MED20/MED25/MED26/MED28/MED4/MORC1/NFKBIZ/OGG1/PAXIP1/POLR2G/POLR2I/POLR3H/POLRMT/PPM1D/PPP2CA/PRMT3/RBM14/RBX1/SGF29/SIRT7/SMARCA4/SMARCA5/SMARCB1/TAF12/TAF1B/TAF4/TAF4B/TAF6/TAF7/TAF8/TFAM/TFB1M/TRMT112/TWIST1/USP21/WDR5/WNT10B/XPA/ZNHIT1",73
"GO:0006261","DNA-templated DNA replication","57/3687","171/18860",0.333333333333333,1.70508995570021,4.56572470108973,1.37426413104883e-05,0.00116548893634566,0.00101955139931452,"ATM/BOD1L1/CAMSAP3/CCNE2/CDC34/CDC45/CDC6/CDC7/CDK1/CDT1/CHRAC1/DDX11/DNA2/DNAJA3/DYNLL1/E2F7/ENDOG/FBXO5/FZR1/GEN1/GMNN/KAT7/LIG3/LRWD1/MCM2/MCM3/MCM4/MCM6/MMS22L/ORC6/PARP1/PCNA/POLA1/POLA2/POLD3/POLE/POLG2/POLN/POLRMT/PRIM1/PRKDC/PURA/RBBP8/RECQL5/REV3L/RFC3/RNF126/RPA1/RTEL1/SAMHD1/SENP2/SETMAR/TWNK/UPF1/WDHD1/WDR18/WRNIP1",57
"GO:0034244","negative regulation of transcription elongation by RNA polymerase II","14/3687","23/18860",0.608695652173913,3.11364252780038,4.99976690973036,1.57853781061932e-05,0.00132063886291138,0.00115527411602225,"EAPP/EZH2/HNRNPU/LARP7/NELFA/NELFB/NELFCD/NELFE/PARP1/PPP1R10/RECQL5/SIRT6/SUPT4H1/VHL",14
"GO:0034502","protein localization to chromosome","44/3687","123/18860",0.357723577235772,1.82985263538559,4.55159566375513,1.81920391705436e-05,0.0015016921933978,0.00131365672326241,"ACD/APLF/ATM/BRD2/BRD3/BUB3/CDK1/CENPA/CHMP7/CTCFL/ERCC6/EZH2/H2AC8/H2AX/H2BC11/H4C14/H4C15/HASPIN/HTATSF1/JARID2/KNL1/LEF1/MIS18A/MMS22L/MRNIP/PARP1/PARP2/PARP3/PIAS4/PML/PPHLN1/PRKDC/RAD21/RCC2/RNF4/RPA1/SIRT6/SMC5/SPDL1/SPIN1/SPO11/TNKS2/VCPIP1/WAPL",44
"GO:0032785","negative regulation of DNA-templated transcription, elongation","15/3687","26/18860",0.576923076923077,2.95111723101959,4.90748437410849,1.93229161676678e-05,0.0015740549209741,0.00137695849975971,"EAPP/EZH2/HNRNPU/LARP7/NELFA/NELFB/NELFCD/NELFE/PARP1/PPP1R10/RECQL5/SIRT6/SUPT4H1/SUPT5H/VHL",15
"GO:0018193","peptidyl-amino acid modification","113/3687","404/18860",0.27970297029703,1.43075617569894,4.31433212221108,2.28762302800682e-05,0.00183930833329743,0.00160899801491389,"ABI1/ABI2/ACVR1B/AKT1/ALK/ANTKMT/ARAF/ARL2BP/ATM/ATPSCKMT/AURKA/BAG6/BRAF/BRSK1/CDK1/CDK10/CDK5R1/CDKN2A/CEP41/CHMP6/CLIP3/CNOT9/DDR1/DIP2A/DYRK1A/EEF1AKMT1/EFEMP1/EGLN2/EGR1/EHMT1/EHMT2/EPHB2/ERCC6/ERRFI1/ESCO1/FLT4/GADD45A/GOLGA7/HDAC4/HDAC7/HINT1/IGF1R/JAK2/KAT7/KIT/LCK/LIPT2/MAP2K2/MAP4K1/MORC3/NEK6/NNAT/NOS2/NRG1/NSMCE2/NSMCE3/NSMCE4A/NTMT1/P4HB/PARD3/PDCL3/PFN2/PIAS1/PIAS4/PLOD3/PML/PPIA/PRKCE/PRKDC/PTK2/PTPN2/QPCTL/RANBP2/RASD2/RASSF2/RELA/RIPK2/RNF212/ROCK1/SAE1/SENP1/SENP2/SENP3/SENP7/SETD3/SETD6/SIRT5/SMC5/SMC6/SNX6/SOCS4/SPRY2/SRCIN1/SRPK2/TBK1/TNK2/TOLLIP/TOP1/TRIM28/TTBK2/TTLL4/TTLL6/TTLL7/UBA2/UBE2I/UBE2K/UHRF2/VKORC1L1/WNK3/ZDHHC12/ZDHHC14/ZDHHC9/ZFYVE28",113
"GO:0034063","stress granule assembly","19/3687","38/18860",0.5,2.55763493355031,4.73788769963459,2.43239224174385e-05,0.00190619498337167,0.00166750940489968,"ATXN2/ATXN2L/CAPRIN1/CIRBP/DAZAP2/DDX3X/DYNC1H1/EIF2S1/FMR1/G3BP2/HSF1/MAPT/PUM2/QKI/RPS23/TIA1/USP10/YTHDF1/YTHDF2",19
"GO:1902410","mitotic cytokinetic process","19/3687","38/18860",0.5,2.55763493355031,4.73788769963459,2.43239224174385e-05,0.00190619498337167,0.00166750940489968,"ARF1/CEP55/CHMP1A/CHMP2A/CHMP2B/CHMP3/CHMP5/CHMP6/CHMP7/CNTROB/EXOC7/IQGAP2/MITD1/NUP62/PDCD6IP/RHOA/SPART/VPS4B/ZFYVE19",19
"GO:2000779","regulation of double-strand break repair","51/3687","151/18860",0.337748344370861,1.72767392862339,4.42547785035389,2.55182776684236e-05,0.00196513898379163,0.00171907268983124,"ABL1/ACTB/ARID1B/ATM/BCL7A/BCL7B/C1QBP/DDX11/DEK/DPF2/EPC1/EPC2/ERCC6/FIGNL1/FUS/H2AX/HMGA2/HSF1/KMT5C/MAGEF1/MBTD1/MEAF6/MORF4L1/MORF4L2/MRGBP/MRNIP/OGG1/PARP1/PARP3/PIAS4/PML/PPP4R2/PRKDC/RAD51AP1/RECQL5/RNF126/RTEL1/SENP3/SETMAR/SHLD2/SIRT6/SMARCA4/SMARCB1/SMARCC1/SMARCD3/SMCHD1/SPIRE2/TEX15/TWIST1/YEATS4/ZCWPW1",51
"GO:0006367","transcription initiation at RNA polymerase II promoter","61/3687","190/18860",0.321052631578947,1.64227085206915,4.3861454032382,2.57109122414993e-05,0.00196513898379163,0.00171907268983124,"ARID1B/ARMC5/ATAD2/CCNH/CTCFL/DPY30/EGR1/ELOB/ERCC2/ERCC6/FOXO1/GTF2A1/GTF2A1L/GTF2B/GTF2F1/GTF2F2/GTF2H5/HEMK2/HEY2/INTS11/INTS13/INTS2/INTS3/INTS5/INTS7/KAT7/L3MBTL3/MAZ/MED11/MED15/MED18/MED20/MED25/MED26/MED28/MED4/OGG1/PAXIP1/POLR2G/POLR2I/PPM1D/PPP2CA/PRMT3/RBM14/RBX1/SGF29/SIRT7/SMARCA4/SMARCB1/TAF12/TAF4/TAF4B/TAF6/TAF7/TAF8/TRMT112/USP21/WDR5/WNT10B/XPA/ZNHIT1",61
"GO:0007093","mitotic cell cycle checkpoint signaling","47/3687","136/18860",0.345588235294118,1.76777708642448,4.4296096331717,2.68910682804824e-05,0.00203027565517642,0.00177605322597025,"ABRAXAS1/APC/ATM/BABAM2/BRSK1/BUB3/CCNB1/CCND1/CDC14B/CDC6/CDK1/CENPF/CHFR/DTL/FBXO31/FOXN3/FOXO4/FZR1/GEN1/HASPIN/INTS3/KLHL22/KNL1/MAD1L1/MAD2L1/MRNIP/NABP2/NAE1/PABIR1/PLK3/PPP1R10/PRKDC/RAD9A/RBBP8/SETMAR/SKA1/SKA3/SPC24/SPDL1/TAOK1/TAOK2/TRIAP1/TRIM39/UIMC1/WAC/ZFYVE19/ZWINT",47
"GO:0044784","metaphase/anaphase transition of cell cycle","37/3687","99/18860",0.373737373737374,1.91176752608811,4.48367263259664,2.74037824328917e-05,0.002044058036651,0.00178810983661671,"ACTB/ANAPC1/ANAPC11/ANAPC2/ANAPC7/APC/ARID1B/ATM/BCL7A/BCL7B/BUB3/CCNB1/CDC6/CENPF/CHFR/DPF2/FBXO5/GEN1/HASPIN/HECW2/KLHL22/KNL1/MAD1L1/MAD2L1/NEK6/NSMCE2/RAD21/RIOK2/SKA1/SKA3/SMARCA4/SMARCB1/SMARCC1/SMARCD3/SPC24/SPDL1/ZWINT",37
"GO:0072655","establishment of protein localization to mitochondrion","45/3687","129/18860",0.348837209302326,1.78439646526766,4.40666637111133,3.03297401382677e-05,0.00223537406185733,0.001955470087862,"AKT1/AP3B1/BAG3/BAG4/BAP1/BID/BNIP3L/CALM3/CDKN2A/CHCHD4/COX18/CSNK2A2/DDIT3/FBXO7/GDAP1/GRPEL1/GRPEL2/HSP90AA1/HSPD1/MAPT/MOAP1/MTCH2/MTERF4/MTX1/MTX2/NPEPPS/OXA1L/PAM16/PINK1/PRKN/ROMO1/SAE1/SREBF1/SREBF2/TIMM13/TIMM29/TIMM8B/TOMM20/TOMM34/TOMM40/TOMM7/UBE2D3/UBE2J2/UBL5/USP36",45
"GO:0007091","metaphase/anaphase transition of mitotic cell cycle","36/3687","96/18860",0.375,1.91822620016273,4.44613612424294,3.21509923808762e-05,0.00232830417914534,0.00203676389354713,"ACTB/ANAPC1/ANAPC11/ANAPC2/ANAPC7/APC/ARID1B/ATM/BCL7A/BCL7B/BUB3/CCNB1/CDC6/CENPF/DPF2/FBXO5/GEN1/HASPIN/HECW2/KLHL22/KNL1/MAD1L1/MAD2L1/NEK6/NSMCE2/RAD21/RIOK2/SKA1/SKA3/SMARCA4/SMARCB1/SMARCC1/SMARCD3/SPC24/SPDL1/ZWINT",36
"GO:0042254","ribosome biogenesis","92/3687","318/18860",0.289308176100629,1.47988939551339,4.25438310055491,3.23427813610886e-05,0.00232830417914534,0.00203676389354713,"AATF/AFG2B/BOP1/BYSL/C1QBP/CDKN2A/CHD7/DDX10/DDX3X/DDX51/DDX52/DHX37/DKC1/EIF2A/EIF5B/ERCC2/ESF1/EXOSC1/EXOSC2/EXOSC5/EXOSC8/FASTKD2/FBL/FSAF1/FTSJ3/GEMIN4/GLUL/GTF2H5/GTF3A/HEATR1/HEATR3/KRI1/LTO1/LYAR/MAK16/MPHOSPH10/MPHOSPH6/MTERF4/MTG1/MYBBP1A/MYG1/NAT10/NOA1/NOB1/NOL7/NOLC1/NOP56/NPM1/PAK1IP1/POP4/POP7/PPAN/PRKDC/PWP1/PWP2/RAN/RBFA/RBM10/RIOK2/RPL10L/RPL26L1/RPL5/RPLP0/RPP38/RPP40/RPS15/RPS16/RPS23/RPS5/RPS9/RPSA2/RPUSD1/RRP1/RRP1B/RRP7A/RRP7BP/RRP9/SART1/SIRT7/SUV39H1/TFB1M/TRMT112/TSR3/URB2/USP36/UTP18/UTP20/UTP4/WDR12/WDR18/WDR43/YTHDF2",92
"GO:0045143","homologous chromosome segregation","28/3687","68/18860",0.411764705882353,2.10628759233555,4.5050142200725,3.36999733681151e-05,0.00239812109335633,0.0020978386325342,"ANKRD31/ATM/BAG6/CCNE2/EHMT2/HORMAD1/KASH5/KNL1/MAEL/MAJIN/MCMDC2/MLH1/MLH3/MND1/MSH4/MSH5/PRDM9/RNF212/SIRT7/SPATA22/SPO11/STAG3/SYCE1/SYCE2/SYCP2/TEX15/ZCWPW1/ZWINT",28
"GO:0000086","G2/M transition of mitotic cell cycle","49/3687","145/18860",0.337931034482759,1.7286084378478,4.34153645383535,3.58249824833539e-05,0.00252036893811868,0.00220477912532124,"ABRAXAS1/ATM/AURKA/BABAM2/BRD4/BRSK1/CALM3/CCNB1/CCND1/CDC14B/CDC25B/CDC25C/CDC6/CDC7/CDK1/CENPF/CHFR/DNM2/DTL/FBXL15/FBXO5/FHL1/FOXN3/FOXO4/FZR1/INTS3/KCNH5/KDM8/KHDRBS1/MARK3/MRNIP/NABP2/NAE1/PABIR1/PKMYT1/PLK3/PPM1D/PPME1/RAD21/RBBP8/RCC2/SMARCD3/TAOK1/TAOK2/TRIM39/UIMC1/VPS4B/WNT10B/ZFYVE19",49
"GO:0031122","cytoplasmic microtubule organization","27/3687","65/18860",0.415384615384615,2.12480440633411,4.47788248936076,3.84611848202612e-05,0.00267542915980042,0.00234042336960667,"CCDC88C/CEP120/CLASP1/CLIP3/CLIP4/CRIPT/DYNC1H1/FSD1/HOOK1/HOOK3/IFT172/KANK1/KATNA1/MAPT/NUMA1/PAFAH1B1/PDE4DIP/PLK3/PPFIBP1/RHOA/SLK/TBCB/TPPP/TUBG1/TUBG2/TUBGCP3/TUBGCP4",27
"GO:0032506","cytokinetic process","23/3687","52/18860",0.442307692307692,2.26252321044835,4.49396726825081,4.34861757003524e-05,0.0029761350372388,0.00260347614390901,"ALKBH4/ANLN/ARF1/CEP55/CHMP1A/CHMP2A/CHMP2B/CHMP3/CHMP5/CHMP6/CHMP7/CNTROB/EXOC7/IQGAP2/MITD1/NUP62/PDCD6IP/RHOA/SPART/SPAST/SPIRE2/VPS4B/ZFYVE19",23
"GO:0071168","protein localization to chromatin","26/3687","62/18860",0.419354838709677,2.14511317007446,4.45193281646448,4.37454835064983e-05,0.0029761350372388,0.00260347614390901,"APLF/BRD2/BRD3/CENPA/CHMP7/ERCC6/EZH2/H2AC8/H2BC11/H4C14/H4C15/JARID2/LEF1/MMS22L/MRNIP/PARP1/PARP2/PIAS4/PPHLN1/PRKDC/RAD21/RNF4/SIRT6/SPIN1/VCPIP1/WAPL",26
"GO:0090150","establishment of protein localization to membrane","83/3687","283/18860",0.293286219081272,1.5002381589023,4.17967404812169,4.54600403377904e-05,0.00305916423620935,0.00267610878189853,"AKAP5/AKT1/AKT2/ANKRD13C/AP3B1/ATP13A1/ATP2C1/BAG6/BID/BRAF/C2CD5/CALM3/CCDC47/CDK5R1/CLSTN1/COX18/CSK/EMC10/EMC6/FRMPD1/GET1/GOLGA4/GOLGA7/GRIN3B/GRIPAP1/HRAS/ICMT/INPP5K/ITGB1BP1/LYPLA1/LYPLAL1/MOAP1/MTCH2/MTX1/MTX2/MYO1C/NACAD/NOMO1/NOMO2/NOMO3/NSF/NSG1/OXA1L/PARD3/PEX16/PHAF1/RAB10/RAB31/RAB3GAP2/RAB3IP/RAB5IF/RAB8A/RILPL1/ROMO1/SEC61B/SEC61G/SGTA/SIL1/SNAP25-AS1/SPTBN1/SRP14/SRP54/SRP68/SRPRB/STX3/TAOK2/TIMM13/TIMM29/TIMM8B/TOMM20/TOMM40/TOMM7/TRAM2/TTC9-DT/VAMP3/VPS35/VPS37C/WDR44/ZDHHC11B/ZDHHC12/ZDHHC14/ZDHHC24/ZDHHC9",83
"GO:0000082","G1/S transition of mitotic cell cycle","74/3687","246/18860",0.300813008130081,1.5387397161197,4.19263313215689,4.63755365936096e-05,0.00308721448441975,0.00270064669806589,"ACTB/ACVR1B/AKT1/APC/APPL2/ARID1B/BCL7A/BCL7B/BID/CACNB4/CACUL1/CCNB1/CCND1/CCND3/CCNE2/CCNF/CCNH/CCNI/CCNJL/CCNP/CDC34/CDC6/CDC7/CDC73/CDK1/CDK10/CDK2AP2/CDKN2A/CDKN2C/CPSF3/CUL2/DACT1/DDX3X/DPF2/E2F7/EIF4EBP1/EZH2/FBXO31/FBXO7/FHL1/GSPT1/ID2/INHBA/KANK2/KHDRBS1/KLF4/MEPCE/MYB/PIAS1/PKD1/PKD2/PLK3/PLRG1/POLE/PPP2CA/PPP6C/PRKDC/PRMT2/RBBP8/RBL2/RBX1/RCC1/SENP2/SMARCA4/SMARCB1/SMARCC1/SMARCD3/TFDP1/TMEM14B/TRIAP1/UBE2E2/USP37/USP38/WAC",74
"GO:1902115","regulation of organelle assembly","72/3687","238/18860",0.302521008403361,1.54747659845061,4.18987481944875,4.76427087647567e-05,0.00313782989321924,0.00274492426197842,"ABL1/AKT1/ARF4/ARHGAP35/ARHGEF5/ATM/CAPRIN1/CBLN1/CDK10/CEP120/CEP295/CHMP1A/CHMP2A/CHMP2B/CHMP3/CHMP5/CHMP6/CHMP7/CNOT1/CNOT6L/CNTROB/CRIPT/DYNC1H1/DYNLT2B/EHMT2/EPHB2/FEZ1/G3BP2/GAP43/GPSM2/GSN/HNRNPU/HSF1/IFT140/LCP1/LRFN1/LRFN4/MDM1/MOAP1/MPHOSPH9/NPM1/NUMA1/NUP62/PAN2/PAN3/PDCD6IP/PHF23/PINK1/PLK4/RAB1B/RAB3GAP2/RBM14/RCC1/RHOA/RNF4/RNF5/SDCCAG8/SEPTIN9/SMAD4/SNX4/SPICE1/SPTBN2/TAPT1/TBC1D12/TBC1D7/TRIM32/TRIM37/TTBK2/USP10/VPS4B/WDR44/ZMYND10",72
"GO:0032271","regulation of protein polymerization","63/3687","202/18860",0.311881188118812,1.5953564436997,4.19353593570487,5.1168162729417e-05,0.00333454837324022,0.00291701049576566,"ABITRAM/ABL1/ARHGAP28/ARPC2/ARPC5/BAG4/CAMSAP1/CAMSAP3/CAPG/CAPZA1/CAPZA2/CARMIL2/CDC42EP3/CDC42EP4/CDK5R1/CFL1/CLASP1/CLIP3/CYRIB/DAAM2/DCTN1/DYRK1A/EML2/EPS8/EVL/FKBP4/GBA2/GRB2/GSN/HAUS3/HAUS6/HSP90AA1/KANK1/KANK2/KANK3/KIRREL1/MAPRE3/MAPT/MECP2/MLST8/MTPN/NCKAP1/NUMA1/PDE4DIP/PFN1/PFN2/PINK1/PPP2CA/PRKCE/PYCARD/RAC1/RASA1/SKA1/SPTAN1/SPTBN1/SPTBN2/SPTBN4/SSH1/SSH2/SVIL/TMOD3/TPPP/TWF2",63
"GO:0045739","positive regulation of DNA repair","48/3687","143/18860",0.335664335664336,1.71701366168413,4.24265286687474,5.19246400826394e-05,0.00334859840366271,0.00292930124150416,"ABRAXAS1/ACTB/ACTR8/ARID1B/ATM/BABAM2/BCL7A/BCL7B/DDX11/DHX9/DPF2/EPC1/EPC2/ERCC6/FUS/H2AX/INO80C/INO80E/KMT5C/MBTD1/MEAF6/MORF4L1/MORF4L2/MRGBP/MRNIP/PARP1/PARP3/PCNA/PIAS4/PRKDC/RAD51AP1/RNF126/SETMAR/SHLD2/SIRT6/SMARCA4/SMARCB1/SMARCC1/SMARCD3/SMCHD1/SPIRE2/TIGAR/TRIM28/UIMC1/USP1/YEATS4/YY1/ZCWPW1",48
"GO:0010506","regulation of autophagy","105/3687","377/18860",0.278514588859416,1.42467728394049,4.10585534609714,5.28106140828589e-05,0.00337062383285546,0.00294856874070873,"ABL1/ADRA1A/ADRB2/AKT1/ATM/ATP13A2/ATP6V0D1/ATP6V0E2/ATP6V1B2/ATP6V1D/ATP6V1E2/ATP6V1G1/BAD/BAG3/BNIP3/BNIP3L/BOK/CAPNS1/CDC37/CDK16/CDK5R1/CISD1/CISD2/CPTP/CSNK2A2/DAPK1/DAPK3/DDIT3/DNM1L/DRAM2/EEF1A2/EHMT2/EIF2AK1/ENDOG/ERCC4/EXOC7/EXOC8/FBXO7/FEZ1/FOXK1/FOXK2/FOXO1/FOXO3/GFAP/GPR137/IL10RA/IRGQ/KLHL22/LYPLA1/MAPT/MFSD8/MIR199A1/MLST8/MOAP1/MTDH/NOD2/NPRL2/NPRL3/NRBP2/OMA1/PHF23/PIK3CB/PINK1/PLK3/PRKN/PSAP/PYCARD/RAB3GAP2/RAB8A/RBX1/RIPK2/RNF152/RNF41/RNF5/ROCK1/RPGR/RRAGD/RUBCN/SLC25A4/SNRNP70/SNX32/SNX4/SNX6/SREBF1/SREBF2/STUB1/SUPT5H/SVIP/TBC1D25/TBK1/TIGAR/TOMM7/TPCN2/TRIM32/TRIM8/UBQLN1/ULK3/USP10/USP36/VHL/VPS13C/VPS26B/VPS35/WAC/XPA",105
"GO:0006998","nuclear envelope organization","26/3687","63/18860",0.412698412698413,2.11106375467645,4.35436824704103,6.07320784325595e-05,0.00383665609771404,0.00335624643969408,"BROX/CDK1/CHMP1A/CHMP2A/CHMP2B/CHMP3/CHMP5/CHMP6/CHMP7/CTDNEP1/DCTN1/EMD/FNTA/ICMT/NEK6/NUP155/PAFAH1B1/PRKCA/RCC1/REEP3/SPAST/TMEM170A/TMEM43/TOR1B/UBE2I/VPS4B",26
"GO:1902099","regulation of metaphase/anaphase transition of cell cycle","35/3687","95/18860",0.368421052631579,1.88457310893181,4.26070456090152,6.29854247754115e-05,0.00391986026047184,0.00342903213325415,"ACTB/ANAPC11/ANAPC7/APC/ARID1B/ATM/BCL7A/BCL7B/BUB3/CCNB1/CDC6/CENPF/CHFR/DPF2/FBXO5/GEN1/HASPIN/HECW2/KLHL22/KNL1/MAD1L1/MAD2L1/NEK6/NSMCE2/RAD21/RIOK2/SKA1/SKA3/SMARCA4/SMARCB1/SMARCC1/SMARCD3/SPC24/SPDL1/ZWINT",35
"GO:0006270","DNA replication initiation","18/3687","37/18860",0.486486486486487,2.48850966507598,4.46753815188355,6.33154621300572e-05,0.00391986026047184,0.00342903213325415,"CCNE2/CDC34/CDC45/CDC6/CDT1/GMNN/KAT7/LRWD1/MCM2/MCM3/MCM4/MCM6/ORC6/POLA1/POLA2/PRIM1/PURA/WRNIP1",18
"GO:0006457","protein folding","69/3687","228/18860",0.302631578947368,1.54804219662256,4.10404254464348,6.68481404175166e-05,0.00409759244876084,0.0035845094575104,"AHSA2P/ALG12/APLF/BAG1/BAG3/BAG4/CANX/CCDC47/CCT3/CCT5/CDC37/CHCHD4/CHORDC1/CLGN/CLPX/DNAJA3/DNAJB1/DNAJB11/DNAJB13/DNAJB6/DNAJC25/DNAJC3/DNAJC4/DNAJC5/ELP6/ENTPD5/ERO1A/ERP29/FKBP1A/FKBP4/GAK/GRPEL1/GRPEL2/HSP90AA1/HSPA14/HSPA4L/HSPD1/HSPE1/HSPH1/KHSRP/MOGS/MPDU1/NGLY1/NKTR/NUDCD2/P4HB/PDCD5/PDCL3/PDIA3/PDRG1/PFDN1/POFUT2/PPIA/PPIC/PTGES3/QSOX2/RANBP2/RIC8A/SDHAF4/SIL1/SNRNP70/TBCA/TBCB/TELO2/TRAP1/TXNDC5/UNC45A/WIPF1/ZMYND10",69
"GO:0071763","nuclear membrane organization","22/3687","50/18860",0.44,2.25071874152427,4.36526317890799,6.9891954807135e-05,0.00418296740493294,0.00365919412702309,"BROX/CDK1/CHMP1A/CHMP2A/CHMP2B/CHMP3/CHMP5/CHMP6/CHMP7/CTDNEP1/DCTN1/EMD/NEK6/PAFAH1B1/PRKCA/RCC1/REEP3/SPAST/TMEM43/TOR1B/UBE2I/VPS4B",22
"GO:1902459","positive regulation of stem cell population maintenance","22/3687","50/18860",0.44,2.25071874152427,4.36526317890799,6.9891954807135e-05,0.00418296740493294,0.00365919412702309,"ACTB/ARID4A/BCL7A/BCL7B/BICRA/DPF2/ING1/ING2/KDM2B/LBH/RBBP7/SAP130/SAP30/SINHCAF/SIRT6/SMARCA4/SMARCB1/SMARCC1/SS18/SUDS3/TEAD4/ZNF322",22
"GO:0006403","RNA localization","64/3687","208/18860",0.307692307692308,1.57392918987712,4.1028670821091,7.02679066569255e-05,0.00418296740493294,0.00365919412702309,"ALKBH5/ALYREF/ATM/ATXN2/CAPRIN1/CCT3/CCT5/DDX25/DDX39A/DDX39B/DHX9/DKC1/FBL/FMR1/FXR2/FYTTD1/G3BP2/GLE1/HNRNPA1/HNRNPAB/HNRNPU/HSF1/IWS1/KHDRBS1/KHSRP/MEX3D/NSUN2/NUP107/NUP155/NUP210/NUP214/NUP50/NUP62/NXF1/PARN/PCID2/PRPF6/PUM2/QKI/RAE1/RAN/RANBP2/RBFOX1/RBM33/SEH1L/SENP2/SLBP/SMG6/SMG7/SRSF1/STAU2/THOC3/THOC6/TOMM20/TST/UPF1/UPF2/XPO5/XPOT/YBX1/YTHDC1/YY1/ZC3H3/ZFP36L1",64
"GO:0051148","negative regulation of muscle cell differentiation","29/3687","74/18860",0.391891891891892,2.00463278575565,4.26841087849326,7.27298273170482e-05,0.00422240255790123,0.00369369137889497,"BDNF/BMP2/BMPR1A/BMPR2/DLL1/DNMT1/EZH2/FOXO4/FOXP1/FRS2/HDAC4/HDAC5/HEY2/ID2/IGF2/MECP2/MED28/MIR199A1/NFATC1/NFATC3/NOTCH1/PDCD4/PPARA/PTBP1/RCAN1/RGS2/SMAD4/YBX1/YY1",29
"GO:0099173","postsynapse organization","73/3687","245/18860",0.297959183673469,1.5241416338708,4.0706180142997,7.29744931735236e-05,0.00422240255790123,0.00369369137889497,"ABI2/ABL1/ACTB/ACTG1/ADAM10/AKT1/ARF1/ARF4/ARHGAP12/ARHGAP39/ASIC1/CAMK2B/CAPRIN1/CARMIL3/CBLN1/CC2D1A/CDC42/CDK5R1/CFL1/CHMP2B/CHRDL1/CNKSR2/CNTNAP1/CRIPT/CRK/CRKL/CRMP1/CUX2/DIP2A/DISC1/DLG4/DNAJA3/EPHB2/EPHB3/ETV5/FARP1/FNTA/FRRS1L/GAP43/GDNF/GPRASP3/IGF1R/KIF1A/LRFN1/LRFN2/LRFN4/LRP8/MAPRE3/MYH10/NAE1/NCKIPSD/NF1/NRCAM/NRXN2/PAFAH1B1/POTEE/POTEF/PUM2/RAC1/RHOG/SENP1/SIPA1L1/SPTBN2/SRCIN1/SSH1/STAU2/TANC1/TANC2/TMEM108/UBE2M/VPS35/WNT7A/ZDHHC12",73
"GO:0051225","spindle assembly","46/3687","137/18860",0.335766423357664,1.71753586778561,4.15505091885432,7.29764292837072e-05,0.00422240255790123,0.00369369137889497,"ABRAXAS1/ARHGEF10/AURKA/BCCIP/CEP192/CEP63/CHMP1A/CHMP2A/CHMP2B/CHMP3/CHMP5/CHMP6/CHMP7/CLASP1/DYNC1H1/FBXO5/FLNA/GPSM2/GTF2B/HAUS3/HAUS6/HNRNPU/KASH5/KIF11/KIF2A/MAPRE2/MAPRE3/MLH1/MYBL2/NEK6/NUMA1/RCC1/RHOA/RNF4/SKA1/SKA3/SPICE1/STAG1/STAG2/TUBB/TUBB8/TUBGCP3/TUBGCP4/UHRF1/VPS4B/WASHC5",46
"GO:0030071","regulation of mitotic metaphase/anaphase transition","34/3687","92/18860",0.369565217391304,1.89042582045023,4.22029521581762,7.41356018517835e-05,0.0042497547320777,0.0037176186308716,"ACTB/ANAPC11/ANAPC7/APC/ARID1B/ATM/BCL7A/BCL7B/BUB3/CCNB1/CDC6/CENPF/DPF2/FBXO5/GEN1/HASPIN/HECW2/KLHL22/KNL1/MAD1L1/MAD2L1/NEK6/NSMCE2/RAD21/RIOK2/SKA1/SKA3/SMARCA4/SMARCB1/SMARCC1/SMARCD3/SPC24/SPDL1/ZWINT",34
"GO:0000209","protein polyubiquitination","86/3687","300/18860",0.286666666666667,1.46637736190218,4.01392518104205,8.19562356983745e-05,0.00465060867249018,0.00406827935627473,"AKT1/ANAPC1/ANAPC10/ANAPC11/ANAPC13/ANAPC2/ANAPC7/ARK2C/ATM/BLMH/CBFB/CDC34/CDKN2A/CEP63/CHFR/DAW1/DDX3X/DTL/DUSP22/FBXO45/FBXO7/FOXO4/FZR1/H2AX/HECTD2/ITCH/KBTBD2/MARCHF1/NAGK/NOD2/NPEPPS/OTUD4/PARP10/PELI3/PPIA/PRKN/RBX1/RIPK2/RNF111/RNF123/RNF126/RNF144A/RNF152/RNF167/RNF170/RNF187/RNF216/RNF4/RNF41/RNF5/RUSC1/SHARPIN/SKP1/SMURF1/SPSB4/STAMBPL1/STUB1/TCF25/TNKS2/TRAF2/TRIM3/TRIM32/TRIM8/TTC3/UBE2D2/UBE2D3/UBE2D4/UBE2E2/UBE2G1/UBE2G2/UBE2J2/UBE2K/UBE2Q2/UBE2R2/UBE2S/UBE2T/UBE2V1/UBE3A/UBE3D/UBE4A/USP38/WWP2/YWHAE/YWHAG/ZFP91/ZNRF1",86
"GO:0070936","protein K48-linked ubiquitination","39/3687","111/18860",0.351351351351351,1.79725698033265,4.152703609635,8.33819354944936e-05,0.00465060867249018,0.00406827935627473,"ANAPC1/ANAPC10/ANAPC11/ANAPC13/ANAPC2/ANAPC7/CDC34/DUSP22/FBXO45/FBXO7/FOXO4/ITCH/KBTBD2/PPIA/PRKN/RBX1/RNF126/RNF152/RNF170/RNF187/RNF216/RNF4/RNF5/SKP1/TCF25/TTC3/UBE2D2/UBE2D3/UBE2D4/UBE2E2/UBE2G1/UBE2G2/UBE2K/UBE2Q2/UBE2R2/UBE2T/UBE3A/USP38/ZNRF1",39
"GO:0090398","cellular senescence","39/3687","111/18860",0.351351351351351,1.79725698033265,4.152703609635,8.33819354944936e-05,0.00465060867249018,0.00406827935627473,"ABL1/ATM/BCL2L12/BMAL1/BMPR1A/CDKN2A/DNAJA3/FBXO5/FZR1/GINS3/HMGA1/HMGA2/HRAS/ID2/ING2/KRAS/MAP2K3/MAP2K7/MAPK11/MNT/MORC3/NEK6/NPM1/NSMCE2/NUAK1/NUP62/OPA1/PML/RSL1D1/SIRT6/SMC5/SMC6/SUV39H1/TBX3/TWIST1/ULK3/VASH1/WNT16/YBX1",39
"GO:0060236","regulation of mitotic spindle organization","20/3687","44/18860",0.454545454545455,2.32512266686392,4.33789403581502,8.47935967030636e-05,0.00468711747489881,0.00410021668268104,"CHMP1A/CHMP2A/CHMP2B/CHMP3/CHMP5/CHMP6/CHMP7/DCTN1/DYNC1H1/FSD1/GNAI1/GPSM2/HNRNPU/NUMA1/NUP62/PARP3/PKD1/RAE1/RCC1/VPS4B",20
"GO:2000781","positive regulation of double-strand break repair","36/3687","100/18860",0.36,1.84149715215622,4.15907166417958,8.69824173568535e-05,0.00475266165403528,0.00415755370019494,"ACTB/ARID1B/ATM/BCL7A/BCL7B/DDX11/DPF2/EPC1/EPC2/ERCC6/FUS/H2AX/KMT5C/MBTD1/MEAF6/MORF4L1/MORF4L2/MRGBP/MRNIP/PARP1/PARP3/PIAS4/PRKDC/RAD51AP1/RNF126/SETMAR/SHLD2/SIRT6/SMARCA4/SMARCB1/SMARCC1/SMARCD3/SMCHD1/SPIRE2/YEATS4/ZCWPW1",36
"GO:0016236","macroautophagy","110/3687","403/18860",0.272952853598015,1.39622750714905,3.96348080458153,8.75146872169314e-05,0.00475266165403528,0.00415755370019494,"ABI2/ADRB2/AFG2B/AKT1/ARMC3/ATG16L2/ATG4B/ATG7/ATG9A/ATM/ATP13A2/ATP6V0D1/ATP6V0E2/ATP6V1B2/ATP6V1D/ATP6V1E2/ATP6V1G1/BAG3/BNIP3/BNIP3L/CAPNS1/CDC37/CDK5R1/CHMP1A/CHMP2A/CHMP2B/CHMP3/CHMP5/CHMP6/CHMP7/CSNK2A2/CTSD/DNM1L/EHMT2/EIF2AK1/EIF2S1/ELP6/EMC6/EPHB2/EXOC7/EXOC8/FBXO7/FEZ1/FUNDC1/GAA/HGS/IRGQ/LRBA/LYPLA1/MAP1LC3B/MFSD8/MOAP1/NOD2/NRBP2/OMA1/PACS2/PDCD6IP/PGAM5/PHF23/PINK1/PRKN/RAB1B/RAB33A/RAB33B/RAB3GAP2/RBX1/RETREG1/RETREG2/RETREG3/RIPK2/RNF41/RNF5/RUBCN/SLC25A4/SMURF1/SNX14/SNX32/SNX4/SNX6/SPART/SPATA33/SREBF1/SREBF2/STUB1/STX12/STX17/SUPT5H/TBC1D12/TBC1D25/TBC1D5/TBK1/TEX264/TIGAR/TOMM7/TRIM32/UBQLN1/ULK3/USP36/VPS13C/VPS26B/VPS28/VPS35/VPS37C/VPS4B/VTA1/VTI1B/WAC/WDR45B/WIPI2/ZNRF1",110
"GO:0072594","establishment of protein localization to organelle","127/3687","478/18860",0.265690376569038,1.35907797724222,3.91982345822188,9.65710599452719e-05,0.00519888201844503,0.00454790026012287,"ACD/ADAR/AKIRIN2/AKT1/AP3B1/APPL2/BAG3/BAG4/BAG6/BAP1/BID/BNIP3L/CABP1/CALM3/CDK1/CDKN2A/CFL1/CHCHD4/COX18/CRY2/CSNK2A2/CTCFL/DDIT3/EDEM1/EIF4ENIF1/FAM53B/FAM53C/FBXO7/FLNA/GDAP1/GET1/GNPTAB/GNPTG/GRPEL1/GRPEL2/HACL1/HEATR3/HGS/HSP90AA1/HSPD1/IFT122/IL10RA/ING1/IPO11/IPO5/IPO9/JAK2/LAMP1/LRWD1/LYPLA1/LYSET/MAPT/MOAP1/MTCH2/MTERF4/MTX1/MTX2/MVB12B/NABP2/NAGPA/NCOA4/NF1/NOTCH1/NPEPPS/NPM1/NUP107/NUP155/NUP214/NUP50/NUP62/OXA1L/PAM16/PEX16/PEX5L/PINK1/PML/POLA2/PPP1R10/PPP3R1/PRKN/PTPN23/PTTG1IP/RAB10/RAB3GAP2/RAN/RANBP2/ROMO1/SAE1/SEC61B/SEC61G/SGF29/SGTA/SIRT6/SMURF1/SNAP25-AS1/SPCS1/SPCS3/SREBF1/SREBF2/SRP14/SRP54/SRP68/SRPRB/SUFU/TBK1/TIMM13/TIMM29/TIMM8B/TOMM20/TOMM34/TOMM40/TOMM7/TRAM2/TRIM28/TRIM37/TTC9-DT/UBE2D3/UBE2J2/UBL5/USP36/VPS13C/VPS28/VPS37C/ZDHHC12/ZFAND2A/ZFAND6/ZFYVE16",127
"GO:0010586","miRNA metabolic process","38/3687","108/18860",0.351851851851852,1.79981717546133,4.10902682766,9.87103423434081e-05,0.00526823904696586,0.00460857269833788,"AGO1/AGO2/BMP2/BMPR1A/DICER1/EGR1/ELOB/FOXA1/FOXO3/GATA2/HRAS/KHSRP/KLF4/MRTFB/MYB/MYCN/NCOR2/NFATC3/NFIB/NOTCH3/NR1H2/PARN/PAX6/POU2F1/PPARA/PPARG/QKI/RELA/SMAD4/SMAD6/SMARCA4/SREBF1/SREBF2/TEAD1/TENT2/TWIST1/XPO5/YY1",38
"GO:0032956","regulation of actin cytoskeleton organization","99/3687","357/18860",0.277310924369748,1.41852021524639,3.93540690957785,0.00010165276396828,0.00537890821989418,0.00470538435102833,"ABI2/ABITRAM/ABL1/ACTG1/AKAP13/ARAP1/ARAP2/ARF1/ARHGAP28/ARHGAP35/ARHGEF10/ARHGEF10L/ARHGEF18/ARHGEF26/ARHGEF5/ARPC2/ARPC5/BAG4/BRAF/BRK1/CAPG/CAPZA1/CAPZA2/CARMIL2/CARMIL3/CD47/CDC42/CDC42EP3/CDC42EP4/CDK10/CDK5R1/CFL1/CLASP1/CRK/CTNNA2/CYRIB/DAAM2/DAPK3/DIXDC1/DVL2/EDN1/EPS8/EVL/FLNA/GBA2/GRB2/GRHL3/GSN/HRAS/INPP5K/IQGAP2/ITGB1BP1/JAM3/KANK1/KANK2/KANK3/KIRREL1/LRP1/MLST8/MTPN/MTSS1/NCKAP1/PDGFA/PFN1/PFN2/PPM1F/PRKCE/PRKN/PTGER4/PXN/PYCARD/RAC1/RASA1/RHOA/RHOBTB1/RHOF/RHOG/RHOQ/RHPN1/RHPN2/RNH1/ROCK1/SMAD4/SORBS3/SPECC1L/SPTAN1/SPTBN1/SPTBN2/SPTBN4/SSH1/SSH2/STAU2/SVIL/TAOK1/TAOK2/TMOD3/TWF2/WASHC5/WNT4",99
"GO:0000289","nuclear-transcribed mRNA poly(A) tail shortening","16/3687","32/18860",0.5,2.55763493355031,4.34709111569842,0.00010660661019217,0.00559323325169257,0.00489287251952465,"AGO2/CNOT1/CNOT4/CNOT6L/CNOT8/CNOT9/EIF4ENIF1/MLH1/PABPC1/PAN2/PAN3/PARN/POLR2G/TENT4A/TNRC6B/TNRC6C",16
"GO:0090224","regulation of spindle organization","21/3687","48/18860",0.4375,2.23793056685652,4.23311035470205,0.000112307352486992,0.00584281360711735,0.00511120149089404,"CHMP1A/CHMP2A/CHMP2B/CHMP3/CHMP5/CHMP6/CHMP7/DCTN1/DYNC1H1/FSD1/GNAI1/GPSM2/HNRNPU/NUMA1/NUP62/PARP3/PKD1/RAE1/RCC1/RNF4/VPS4B",21
"GO:0045930","negative regulation of mitotic cell cycle","72/3687","244/18860",0.295081967213115,1.50942389521002,3.94812787462253,0.000113785387803789,0.0058703777991105,0.00513531421272365,"ABL1/ABRAXAS1/APC/ATM/BABAM2/BMP7/BRSK1/BUB3/CACNB4/CCNB1/CCND1/CDC14B/CDC6/CDC73/CDK1/CDK2AP2/CENPF/CHFR/DACT1/DTL/E2F7/EZH2/FBXO31/FBXO5/FBXO7/FHL1/FOXC1/FOXN3/FOXO4/FZD3/FZR1/GEN1/HASPIN/HECA/INHBA/INTS3/KANK2/KLF4/KLHL22/KNL1/MAD1L1/MAD2L1/MRNIP/NABP2/NAE1/PABIR1/PKD2/PKMYT1/PLK3/PML/PPP1R10/PRKDC/PRMT2/RAD21/RAD9A/RBBP8/RBL2/SETMAR/SKA1/SKA3/SPC24/SPDL1/TAOK1/TAOK2/TPRA1/TRIAP1/TRIM39/UIMC1/WAC/ZFP36L1/ZFYVE19/ZWINT",72
"GO:0051304","chromosome separation","31/3687","83/18860",0.373493975903614,1.91052248048337,4.09804559475877,0.000120630039008716,0.00617207083886745,0.00539923054110348,"ANAPC11/ANAPC7/APC/ATM/BUB3/CCNB1/CENATAC/CENPF/CHFR/CSNK2A2/FBXO5/GEN1/HASPIN/KLHL22/KNL1/M1AP/MAD1L1/MAD2L1/NCAPD3/NCAPH/NSMCE2/NUMA1/PLSCR1/RAD21/RECQL5/SKA1/SKA3/SMC4/SPC24/SPDL1/ZWINT",31
"GO:0090148","membrane fission","20/3687","45/18860",0.444444444444444,2.27345327426694,4.21596823554374,0.000124745359115692,0.00633031572364959,0.00553766067860428,"CHMP1A/CHMP2A/CHMP2B/CHMP3/CHMP5/CHMP6/CHMP7/DNM1/DNM1L/DNM2/EXOC6/EXOC7/EXOC8/HGS/MVB12B/SPAST/TMCC1/VPS28/VPS37C/VPS4B",20
"GO:0048813","dendrite morphogenesis","47/3687","144/18860",0.326388888888889,1.66956724828979,3.97584184286413,0.000133167122217853,0.00670274515163194,0.00586345608738429,"ABI1/ABI2/ABITRAM/ADGRB3/ANAPC2/ANKRD27/BTBD3/CAMK2B/CAPRIN1/CC2D1A/CDC42/CDK5R1/CFL1/CTNNA2/CUX1/CUX2/DIP2A/DLG4/EPHB2/EPHB3/FARP1/GPRASP3/HECW2/KIF1A/KLF7/LRP8/MAPK8IP2/MAPRE3/MEF2A/MINK1/PAFAH1B1/PARP6/PICALM/PREX2/RAC1/RERE/SIPA1L1/SLITRK5/SRCIN1/STAU2/SULT4A1/TANC2/TAOK2/TBC1D24/TMEM106B/WNT7A/YWHAH",47
"GO:0097178","ruffle assembly","19/3687","42/18860",0.452380952380952,2.31405065416457,4.20252388111135,0.000137328117250766,0.00685643849918944,0.00599790461167393,"ARHGEF26/BAG4/CARMIL2/EPS8/EPS8L2/EVL/FAM98A/HRAS/INPP5K/KANK1/NDEL1/PFN1/PFN2/PIP5K1A/RAC1/RCC2/RHOG/SH3YL1/SNX10",19
"GO:0006284","base-excision repair","22/3687","52/18860",0.423076923076923,2.16415263608103,4.14381596987684,0.000142079377413135,0.00703690740451773,0.00615577597297328,"APEX2/DCAF1/DNA2/ERCC6/HMGA1/HMGA2/LIG3/LIG4/MBD4/MPG/NEIL2/NEIL3/OGG1/PARP1/PARP2/PCNA/POLE/RBX1/RPA1/SIRT6/XPA/XRCC1",22
"GO:1901875","positive regulation of post-translational protein modification","44/3687","133/18860",0.330827067669173,1.69226973046938,3.94936458906818,0.000152072334173783,0.00747146403721066,0.00653591928375636,"ARRDC3/BIRC3/BIRC8/CDC14B/CDKN2A/CHFR/CRY1/DCUN1D2/DCUN1D4/DDX3X/DNAJA3/EGR1/FZR1/HDAC4/NGF/NOD2/NPM1/NSMCE3/PAXIP1/PHF23/PIAS1/PIAS4/PINK1/PRKN/PTTG1IP/RASD2/RASSF1/RASSF5/RBX1/RIPK2/RNF111/SAE1/SENP2/SPRTN/SPSB4/STUB1/TBC1D7/TOLLIP/UBA2/UBB/UBE2S/UBE2V1/UBE3A/UBQLN1",44
"GO:0007005","mitochondrion organization","112/3687","417/18860",0.268585131894484,1.3738854319311,3.80584378427239,0.000153266989618116,0.00747146403721066,0.00653591928375636,"ACAD9/AFG3L2/AIFM2/AKT1/AP3B1/ATAD3A/ATP13A2/ATP5F1D/ATPAF1/ATPAF2/AURKA/BAD/BID/BLOC1S2/BNIP3/BNIP3L/BOK/CALM3/CEBPA/CHCHD4/CLN8/CNTNAP1/COA4/COX17/COX18/COX7A2L/CYRIB/DAP3/DNAJA3/DNAJC11/DNM1L/EDN1/EIF2S1/ENDOG/FASTKD3/FEZ1/FMC1/FUNDC1/GABPB1/GCLM/GDAP1/HRK/HSD17B10/HSPD1/IMMT/LETM1/LIG3/LIPA/LONP1/MAPT/MFSD8/MICOS13/MOAP1/MSTO1/MTCH2/MTFR1/MTX1/MTX2/NDUFAF5/NDUFAF6/NDUFS7/NDUFS8/NOA1/OMA1/OPA1/OXA1L/PARP1/PGAM5/PINK1/POLG2/PPARG/PPM1K/PRELID1/PRKN/PUM2/PYCARD/RAB3A/RAB5IF/RALBP1/ROMO1/RTL10/SCO2/SDHAF3/SDHAF4/SHARPIN/SIRT5/SIRT7/SLC25A31/SLC25A4/SLC35F6/SOD2/SPG7/TFAM/TFRC/TIMM13/TIMM29/TIMM8B/TMEM135/TMEM14A/TMEM70/TOMM20/TOMM40/TOMM7/TRABD/TRIAP1/UQCC1/UQCC2/UQCC5/UQCC6/UQCRFS1/VPS13C/VPS35",112
"GO:0070534","protein K63-linked ubiquitination","31/3687","84/18860",0.369047619047619,1.88777816523952,4.01978415799628,0.00015575797761471,0.00753357530791146,0.00659025324693817,"ATM/CDKN2A/CEP63/DDX3X/DUSP22/H2AX/ITCH/NAGK/NOD2/PARP10/PELI3/PRKN/RIPK2/RNF126/RNF152/RNF167/RNF4/RNF5/STUB1/TRAF2/TRIM3/TRIM32/TRIM8/UBE2D4/UBE2E2/UBE2G1/UBE2S/UBE2T/UBE2V1/WWP2/ZFP91",31
"GO:0031109","microtubule polymerization or depolymerization","49/3687","153/18860",0.320261437908497,1.63822368292765,3.90729973769091,0.000163448132607331,0.00784424332536424,0.00686202074471415,"ABL1/APC/APC2/BBOF1/BLOC1S2/CAMSAP1/CAMSAP3/CCDC88C/CDK1/CDK5R1/CEP192/CKAP2/CLASP1/CLIP3/DCTN1/DYRK1A/EML2/FBXO5/FKBP4/GBA2/HAUS3/HAUS6/HDGFL3/KIF2A/MAPRE2/MAPRE3/MAPT/MECP2/NDEL1/NUMA1/PCNT/PDE4DIP/PPP2CA/RAC1/RANBP9/SKA1/SKA3/SPAST/SPECC1L/SSNA1/STMND1/TAOK1/TPGS2/TPPP/TTBK2/TUBG1/TUBG2/TUBGCP3/TUBGCP4",49
"GO:0061952","midbody abscission","13/3687","24/18860",0.541666666666667,2.77077117801284,4.27891731836444,0.000168586556435993,0.00802861054534795,0.00702330229039016,"CEP55/CHMP1A/CHMP2A/CHMP2B/CHMP3/CHMP5/CHMP6/CHMP7/MITD1/PDCD6IP/SPART/VPS4B/ZFYVE19",13
"GO:0051984","positive regulation of chromosome segregation","15/3687","30/18860",0.5,2.55763493355031,4.20882933885498,0.000174981821035176,0.00826956071777691,0.00723408171334658,"CCNB1/CDC6/CDK1/HNRNPU/MAD1L1/NCAPD3/NCAPH/NUMA1/RAD18/RCC2/SKA1/SKA3/SMC4/SMC5/SMC6",15
"GO:0051168","nuclear export","54/3687","174/18860",0.310344827586207,1.58749754496226,3.83780300126728,0.000194860794870491,0.00907348381490042,0.00793734100054623,"ADAR/ALKBH5/ALYREF/BAG3/CCHCR1/CDKN2A/CTDSPL2/DDX25/DDX39A/DDX39B/DHX9/EIF4ENIF1/EMD/FMR1/FYTTD1/GLE1/HNRNPA1/IWS1/KHDRBS1/NEMF/NPM1/NSUN2/NUP107/NUP155/NUP214/NUP62/NXF1/PCID2/PKD1/PPM1A/RAE1/RAN/RANBP2/RANBP3/RBM10/RBM33/RIOK2/RPS15/SIRT6/SIRT7/SMG6/SMG7/SMURF1/THOC3/THOC6/TXN/UBE2I/UPF1/UPF2/XPO5/XPO7/XPOT/YTHDC1/YWHAE",54
"GO:0006364","rRNA processing","66/3687","223/18860",0.295964125560538,1.51393637322261,3.80569477953594,0.000194923816407972,0.00907348381490042,0.00793734100054623,"BOP1/BYSL/CDKN2A/CHD7/DDX10/DDX51/DDX52/DHX37/DKC1/ERCC2/ESF1/EXOSC1/EXOSC2/EXOSC5/EXOSC8/FBL/FTSJ3/GEMIN4/GTF2H5/HEATR1/KRI1/LYAR/MAK16/MPHOSPH10/MPHOSPH6/MTERF4/MYG1/NAT10/NOB1/NOL7/NOLC1/NOP56/PAK1IP1/POP4/POP7/PPAN/PRKDC/PWP1/PWP2/RBFA/RIOK2/RPL5/RPP38/RPP40/RPS15/RPS16/RPUSD1/RRP1/RRP1B/RRP7A/RRP7BP/RRP9/SART1/SIRT7/SUV39H1/TFB1M/TRMT112/TSR3/USP36/UTP18/UTP20/UTP4/WDR12/WDR18/WDR43/YTHDF2",66
"GO:0009303","rRNA transcription","19/3687","43/18860",0.441860465116279,2.26023552267237,4.07822255796476,0.000201238705747505,0.00929752856181195,0.00813333182302366,"BRF1/CDKN2A/DDX11/ERCC2/ERCC6/GTF2H5/GTF3A/GTF3C1/GTF3C2/NCL/POLR1A/POLR2E/PWP1/SIRT7/SMARCA4/SMARCB1/SPIN1/TAF1B/TOP1",19
"GO:0090068","positive regulation of cell cycle process","79/3687","278/18860",0.284172661870504,1.45361985431996,3.75602431465536,0.000211719560093851,0.00970930219660023,0.00849354492540244,"AKT1/ANAPC11/ANAPC7/ANKRD31/AURKA/BRD4/CCNB1/CCND1/CCND3/CCNE2/CDC14A/CDC14B/CDC25B/CDC25C/CDC42/CDC6/CDC7/CDC73/CDK1/CDK10/CEP120/CEP295/CHMP3/CPSF3/DDX11/DDX3X/DMRT1/DTL/DYNC1H1/E2F7/EDN1/EXOC7/EZH2/FBXO5/GEN1/GPSM2/HNRNPU/IGF2/KNL1/LEF1/MAD1L1/MAD2L1/MEIOSIN/MEPCE/NCAPD3/NCAPH/NEUROG1/NPM1/NSMCE2/NUMA1/NUP62/PLK4/PLRG1/PLSCR1/POC1A/PPP1R10/PRDM9/PRKCE/RAD18/RAD21/RAD51AP1/RANBP1/RCC2/RHOA/RXFP3/SKA1/SKA3/SMARCD3/SMC4/SMC5/SMC6/SPAST/SVIL/TFDP1/TMOD3/UBE2E2/VPS4B/WNT10B/WNT4",79
"GO:0051310","metaphase chromosome alignment","36/3687","104/18860",0.346153846153846,1.77067033861175,3.88485999497929,0.00021557219114652,0.00981328996608899,0.00858451179139972,"ABRAXAS1/APC/BUB3/CCNB1/CDC42/CDK1/CDT1/CENPF/CHMP1A/CHMP2A/CHMP2B/CHMP3/CHMP5/CHMP6/CHMP7/DSN1/DYNC1H1/EML4/HNRNPU/KNL1/MAD1L1/MIS12/MLH1/NUMA1/NUP62/RAB24/RCC2/RMDN1/SEH1L/SKA1/SKA3/SPC24/SPDL1/SPICE1/VPS4B/ZWINT",36
"GO:0019827","stem cell population maintenance","59/3687","195/18860",0.302564102564103,1.5476970367125,3.78969160696705,0.000218105498027529,0.009856139695536,0.00862199606109594,"ACTB/ARID4A/BCL7A/BCL7B/BICRA/BMP7/BMPR1A/BRAF/CDC73/CDKN2A/CNOT1/CTR9/DLL1/DPF2/EIF4ENIF1/FOXO1/FOXO3/GATA2/HMGA2/HOOK3/ING1/ING2/JAG1/KDM2B/KDM3A/KDM4C/KIT/KLF4/LBH/LDB1/LIG4/LSM1/MED15/MED28/NFIB/NOTCH1/RBBP7/RTF1/SAP130/SAP30/SETD6/SINHCAF/SIRT6/SKI/SMARCA4/SMARCB1/SMARCC1/SMC5/SRRT/SS18/SUDS3/TAF5L/TBX3/TEAD4/TRIM8/WDR43/WNT7A/ZNF322/ZNF358",59
"GO:0051494","negative regulation of cytoskeleton organization","52/3687","167/18860",0.311377245508982,1.59277864125289,3.79290049794902,0.000231211651996155,0.0103726908515087,0.00907386689183996,"APC/APC2/ARAP1/ARHGAP28/ARHGEF18/BBOF1/CAPG/CAPZA1/CAPZA2/CARMIL2/CCDC88C/CCNF/CENATAC/CFL1/CKAP2/CLASP1/CLIP3/CTNNA2/CYRIB/DYRK1A/EML2/EPS8/FKBP4/GSN/HDGFL3/INPP5K/KANK1/KANK2/KANK3/MDM1/MTPN/NPM1/NUBP1/PFN1/PRKN/RBM14/RHPN1/RHPN2/SMAD4/SPECC1L/SPTAN1/SPTBN1/SPTBN2/SPTBN4/SSH1/SSH2/SVIL/TAOK1/TMOD3/TRIM37/TTBK2/TWF2",52
"GO:1902903","regulation of supramolecular fiber organization","106/3687","395/18860",0.268354430379747,1.37270533142447,3.69019798353294,0.000234757374255792,0.0104559921152346,0.00914673752780045,"ABI2/ABITRAM/ABL1/ACTG1/AKAP13/APC/APC2/ARAP1/ARF1/ARHGAP28/ARHGAP35/ARHGEF10/ARHGEF10L/ARHGEF18/ARHGEF5/ARPC2/ARPC5/BAG4/BBOF1/BRAF/BRK1/CAMSAP1/CAMSAP3/CAPG/CAPZA1/CAPZA2/CARMIL2/CARMIL3/CCDC88C/CD47/CDC42/CDC42EP3/CDC42EP4/CDK5R1/CFL1/CKAP2/CLASP1/CLIP3/CTNNA2/CYRIB/DAAM2/DAPK3/DCTN1/DYRK1A/EDN1/EML2/EPS8/EVL/FKBP4/FLNA/GBA2/GRB2/GSN/HAUS3/HAUS6/HDGFL3/INPP5K/ITGB1BP1/KANK1/KANK2/KANK3/KIRREL1/MAPRE3/MAPT/MECP2/MLST8/MTPN/MTSS1/NCKAP1/NUMA1/PDE4DIP/PFDN1/PFN1/PFN2/PPM1F/PPP2CA/PRKCE/PRKN/PTGER4/PXN/PYCARD/RAC1/RASA1/RHOA/RHPN1/RHPN2/RNH1/ROCK1/SKA1/SMAD4/SORBS3/SPAST/SPECC1L/SPTAN1/SPTBN1/SPTBN2/SPTBN4/SSH1/SSH2/SVIL/TAOK1/TMOD3/TTBK2/TWF2/WASHC5/WNT4",106
"GO:2001251","negative regulation of chromosome organization","34/3687","97/18860",0.350515463917526,1.79298119053012,3.85973762978428,0.000243255316017802,0.0107570975819015,0.00941013985647811,"ACD/APC/ATM/BUB3/CCNB1/CENPF/ERCC4/FBXO5/GEN1/HASPIN/HNRNPA1/HNRNPU/KLHL22/KNL1/MAD1L1/MAD2L1/NAT10/PARP1/PARP3/PML/RAD21/RTEL1/SETMAR/SKA1/SKA3/SLX4/SMARCA5/SMG6/SPC24/SPDL1/TNKS2/WAPL/XRCC1/ZWINT",34
"GO:0044843","cell cycle G1/S phase transition","78/3687","275/18860",0.283636363636364,1.45087654412309,3.71281129841869,0.000246675247569382,0.0107928773111571,0.00944143940115162,"ACTB/ACVR1B/AKT1/APC/APPL2/ARID1B/BCL7A/BCL7B/BID/CACNB4/CACUL1/CCNB1/CCND1/CCND3/CCNE2/CCNF/CCNH/CCNI/CCNJL/CCNP/CDC34/CDC6/CDC7/CDC73/CDK1/CDK10/CDK2AP2/CDKN2A/CDKN2C/CPSF3/CUL2/DACT1/DDX3X/DPF2/E2F7/EIF4EBP1/EZH2/FBXO31/FBXO7/FHL1/GSPT1/ID2/INHBA/KANK2/KHDRBS1/KLF4/MAP3K11/MEPCE/MYB/NPAT/PIAS1/PKD1/PKD2/PLK3/PLRG1/POLE/PPP2CA/PPP6C/PRKDC/PRMT2/RASSF1/RBBP8/RBL2/RBX1/RCC1/SENP2/SMARCA4/SMARCB1/SMARCC1/SMARCD3/TFDP1/TMEM14B/TRIAP1/TRIM39/UBE2E2/USP37/USP38/WAC",78
"GO:0098727","maintenance of cell number","60/3687","200/18860",0.3,1.53458096013019,3.7465612324734,0.000249721529997387,0.0107928773111571,0.00944143940115162,"ACTB/ARID4A/BCL7A/BCL7B/BICRA/BMP7/BMPR1A/BRAF/CDC73/CDKN2A/CNOT1/CTR9/DLL1/DPF2/EIF4ENIF1/EZH2/FOXO1/FOXO3/GATA2/HMGA2/HOOK3/ING1/ING2/JAG1/KDM2B/KDM3A/KDM4C/KIT/KLF4/LBH/LDB1/LIG4/LSM1/MED15/MED28/NFIB/NOTCH1/RBBP7/RTF1/SAP130/SAP30/SETD6/SINHCAF/SIRT6/SKI/SMARCA4/SMARCB1/SMARCC1/SMC5/SRRT/SS18/SUDS3/TAF5L/TBX3/TEAD4/TRIM8/WDR43/WNT7A/ZNF322/ZNF358",60
"GO:0050000","chromosome localization","41/3687","124/18860",0.330645161290323,1.69133923025101,3.80735853338523,0.000254084356472292,0.0107928773111571,0.00944143940115162,"ABRAXAS1/APC/ATM/BUB3/CCNB1/CDC42/CDK1/CDT1/CENPF/CHMP1A/CHMP2A/CHMP2B/CHMP3/CHMP5/CHMP6/CHMP7/DSN1/DYNC1H1/EML4/HNRNPU/KASH5/KNL1/MAD1L1/MAJIN/MIS12/MLH1/NDEL1/NUMA1/NUP62/RAB24/RCC2/RMDN1/SEH1L/SKA1/SKA3/SPC24/SPDL1/SPICE1/SPO11/VPS4B/ZWINT",41
"GO:1902893","regulation of miRNA transcription","28/3687","75/18860",0.373333333333333,1.90970075038423,3.89120180839916,0.00025430388733794,0.0107928773111571,0.00944143940115162,"BMP2/BMPR1A/EGR1/FOXA1/FOXO3/GATA2/KLF4/MRTFB/MYB/MYCN/NCOR2/NFATC3/NFIB/NOTCH3/NR1H2/PAX6/POU2F1/PPARA/PPARG/RELA/SMAD4/SMAD6/SMARCA4/SREBF1/SREBF2/TEAD1/TWIST1/YY1",28
"GO:2000036","regulation of stem cell population maintenance","28/3687","75/18860",0.373333333333333,1.90970075038423,3.89120180839916,0.00025430388733794,0.0107928773111571,0.00944143940115162,"ACTB/ARID4A/BCL7A/BCL7B/BICRA/BMP7/CNOT1/DPF2/HMGA2/ING1/ING2/KDM2B/KDM3A/LBH/RBBP7/SAP130/SAP30/SINHCAF/SIRT6/SMARCA4/SMARCB1/SMARCC1/SS18/SUDS3/TAF5L/TEAD4/WDR43/ZNF322",28
"GO:0006289","nucleotide-excision repair","31/3687","86/18860",0.36046511627907,1.84387634744325,3.86642689806624,0.000254524323603446,0.0107928773111571,0.00944143940115162,"ACTB/ARID1B/BCL7A/BCL7B/DPF2/ELOF1/ERCC2/ERCC4/ERCC6/FAN1/FANCC/GTF2H5/HMGN1/KAT7/LIG4/OGG1/POLD3/POLE/POLR2I/RAD23B/RBX1/RNF111/RPA1/SLX4/SMARCA4/SMARCB1/SMARCC1/SMARCD3/USP45/UVSSA/XPA",31
"GO:1903322","positive regulation of protein modification by small protein conjugation or removal","43/3687","132/18860",0.325757575757576,1.66633791125248,3.78700569769428,0.000263502250180281,0.0110975675569124,0.00970797763822087,"ARRDC3/BIRC3/BIRC8/CDC14B/CDKN2A/CHFR/CRY1/DCUN1D2/DCUN1D4/DDX3X/DNAJA3/FZR1/HDAC4/NGF/NOD2/NPM1/NSMCE3/PAXIP1/PHF23/PIAS1/PIAS4/PINK1/PRKN/PTTG1IP/RASD2/RASSF1/RASSF5/RBX1/RIPK2/RNF111/SAE1/SENP2/SPRTN/SPSB4/STUB1/TBC1D7/TOLLIP/UBA2/UBB/UBE2S/UBE2V1/UBE3A/UBQLN1",43
"GO:2001252","positive regulation of chromosome organization","36/3687","105/18860",0.342857142857143,1.75380681157736,3.81817951228935,0.000267072070305297,0.0111719134274331,0.00977301423698973,"ACD/ACTR8/ATM/CCT3/CCT5/CDK1/DDX11/DKC1/HNRNPA1/HSP90AA1/INO80C/INO80E/KLF4/LIG4/MAD1L1/MAP2K7/NABP2/NCAPD3/NCAPH/NSMCE2/NUMA1/PARN/PKIB/PML/PPP1R10/PTGES3/RAD21/RTEL1/SIRT6/SKA1/SKA3/SLX4/SMC4/SMC5/TNKS2/YY1",36
"GO:0044818","mitotic G2/M transition checkpoint","22/3687","54/18860",0.407407407407407,2.0839988347447,3.93221856726748,0.00027353619643094,0.0112897506140263,0.00987609635534869,"ABRAXAS1/ATM/BABAM2/BRSK1/CDC14B/CDC6/CDK1/CHFR/DTL/FOXN3/FOXO4/FZR1/INTS3/MRNIP/NABP2/NAE1/PABIR1/RBBP8/TAOK1/TAOK2/TRIM39/UIMC1",22
"GO:1903146","regulation of autophagy of mitochondrion","22/3687","54/18860",0.407407407407407,2.0839988347447,3.93221856726748,0.00027353619643094,0.0112897506140263,0.00987609635534869,"ATP13A2/BNIP3/BNIP3L/CDC37/CSNK2A2/DNM1L/EIF2AK1/FBXO7/NOD2/OMA1/PINK1/PRKN/RBX1/RNF41/SLC25A4/SREBF1/SREBF2/STUB1/TIGAR/TOMM7/USP36/VPS13C",22
"GO:0045787","positive regulation of cell cycle","95/3687","349/18860",0.272206303724928,1.39240870307897,3.64751069587407,0.000283453504181936,0.0116215936714594,0.0101663874452148,"ABL1/AKT1/ANAPC11/ANAPC7/ANKRD31/AURKA/BRD4/CCNB1/CCND1/CCND3/CCNE2/CDC14A/CDC14B/CDC25B/CDC25C/CDC42/CDC6/CDC7/CDC73/CDK1/CDK10/CEP120/CEP295/CHMP3/CPSF3/DDX11/DDX3X/DMRT1/DTL/DUSP3/DYNC1H1/E2F7/EDN1/EIF4EBP1/EXOC7/EZH2/FBXO5/FNTB/FOXA1/GEN1/GPSM2/HCFC1/HNRNPU/HSF1/IGF2/KNL1/LEF1/MAD1L1/MAD2L1/MEIOSIN/MEIS2/MEPCE/NCAPD3/NCAPH/NEUROG1/NPM1/NR4A3/NSMCE2/NUMA1/NUP62/PAFAH1B1/PLK4/PLRG1/PLSCR1/POC1A/PPP1R10/PRDM9/PRKCA/PRKCE/RAD18/RAD21/RAD51AP1/RANBP1/RCC2/RHOA/RXFP3/SKA1/SKA3/SLC6A4/SMARCD3/SMC4/SMC5/SMC6/SPAST/SRPK2/STAT5B/SVIL/TBX3/TFDP1/TMOD3/TRIM32/UBE2E2/VPS4B/WNT10B/WNT4",95
"GO:0032509","endosome transport via multivesicular body sorting pathway","19/3687","44/18860",0.431818181818182,2.20886653352072,3.95732037266134,0.00028973698862128,0.0118010637931207,0.0103233850862637,"CHMP1A/CHMP2A/CHMP2B/CHMP3/CHMP5/CHMP6/CHMP7/HGS/LEPROTL1/LYST/MVB12B/PTPN23/RILP/SNX32/TMEM50B/VPS28/VPS37C/VPS4B/VTA1",19
"GO:0021954","central nervous system neuron development","34/3687","98/18860",0.346938775510204,1.77468546409613,3.7901731376739,0.000303370762749321,0.0122756104064121,0.0107385110034073,"ARHGAP35/ATF5/B4GALT5/CRK/CRKL/DCLK2/DISC1/EPHB2/EPHB3/FBXO45/FEZF2/GABRB1/GATA2/GBA2/KIAA0319/LHX6/MAPT/NDEL1/NDNF/NFIB/NR4A2/NTRK2/PAFAH1B1/PALS1/PLXNA1/PLXNA3/PRKCA/RAC1/SCN1B/SOX1/SPAST/SPTBN4/TAOK1/UBB",34
"GO:0006399","tRNA metabolic process","61/3687","206/18860",0.296116504854369,1.51471583443271,3.66163729578425,0.000327942566704746,0.0130314501273071,0.0113997077089824,"AARSD1/ADAT3/AKT1/ANKZF1/BRF1/CARS2/CTAG1A/CTAG1B/CTAG2/CTU1/DICER1/ELAC1/ELP1/ELP5/ELP6/EXOSC2/EXOSC8/FAM98A/FARSB/FTSJ1/GATC/GTF3C1/GTF3C2/HSD17B10/IARS2/LAGE3/MARS2/MTFMT/NAT10/NEMF/NSUN2/PARS2/POLR2E/POLR2F/POP1/POP4/POP7/PRORP/PTCD1/PUS3/PUSL1/RNH1/RPP38/RPP40/RPPH1/RTCB/SARS1/SARS2/TARBP1/TARS1/TRIT1/TRMT11/TRMT112/TRMT2A/TRMT9B/TSEN15/TSEN2/TSEN34/TSEN54/VARS2/YRDC",61
"GO:0061614","miRNA transcription","28/3687","76/18860",0.368421052631579,1.88457310893181,3.80896216846071,0.000328364758497803,0.0130314501273071,0.0113997077089824,"BMP2/BMPR1A/EGR1/FOXA1/FOXO3/GATA2/KLF4/MRTFB/MYB/MYCN/NCOR2/NFATC3/NFIB/NOTCH3/NR1H2/PAX6/POU2F1/PPARA/PPARG/RELA/SMAD4/SMAD6/SMARCA4/SREBF1/SREBF2/TEAD1/TWIST1/YY1",28
"GO:1905818","regulation of chromosome separation","28/3687","76/18860",0.368421052631579,1.88457310893181,3.80896216846071,0.000328364758497803,0.0130314501273071,0.0113997077089824,"ANAPC11/ANAPC7/APC/ATM/BUB3/CCNB1/CENPF/CHFR/CSNK2A2/FBXO5/GEN1/HASPIN/KLHL22/KNL1/MAD1L1/MAD2L1/NCAPD3/NCAPH/NSMCE2/NUMA1/PLSCR1/RAD21/SKA1/SKA3/SMC4/SPC24/SPDL1/ZWINT",28
"GO:0022618","protein-RNA complex assembly","67/3687","231/18860",0.29004329004329,1.48364970171317,3.64587951946613,0.000330471934273861,0.01303153977764,0.0113997861336843,"ADAR/AGO1/AGO2/ATM/BOP1/CELF4/COIL/DDX39B/DDX42/DHX9/DICER1/DKC1/EIF2D/EIF2S2/EIF2S3/EIF3A/EIF3B/EIF3K/EIF4H/FASTKD2/GEMIN2/GEMIN4/HSP90AA1/HTATSF1/LSM2/LSM4/LUC7L/LUC7L2/MCTS2/MTG1/PRKDC/PRPF6/PTBP2/PTGES3/PWP2/RBMX2/RNU6ATAC/RPL10L/RPL13A/RPL5/RPS15/RPSA2/RRP7A/RRP7BP/RSRP1/SART1/SCAF11/SF1/SF3A2/SF3B1/SNRPD2/SRPK1/SRPK2/SRSF1/SRSF10/SRSF12/SRSF5/SRSF6/SRSF9/STRAP/TAF12-DT/TSSC4/TXNL4A/U2AF2/USP39/YTHDC1/ZRSR2",67
"GO:0120163","negative regulation of cold-induced thermogenesis","20/3687","48/18860",0.416666666666667,2.13136244462526,3.86870007695616,0.000359967826876853,0.0141048152923709,0.0123386706814218,"ABHD6/ACOT13/ACTN3/ADAMTS5/ADIPOQ/ARRDC3/BMAL1/DDIT3/IP6K1/NOTCH1/NOVA1/NPR3/NR1D1/NR1H2/PGAM5/PLCL1/QKI/TFE3/TLE3/WNT10B",20
"GO:0061640","cytoskeleton-dependent cytokinesis","41/3687","126/18860",0.325396825396825,1.66449257580258,3.68909906606429,0.0003710362640177,0.0144470786826011,0.0126380773146049,"ALKBH4/ANLN/APC/ARF1/CENPA/CEP55/CFL1/CHMP1A/CHMP2A/CHMP2B/CHMP3/CHMP5/CHMP6/CHMP7/CKAP2/CNTROB/EFHC1/EXOC6/EXOC7/EXOC8/IQGAP2/MITD1/MYH10/NUP62/PDCD6IP/RAB35/RASA1/RHOA/ROCK1/SEPTIN10/SEPTIN2/SEPTIN3/SEPTIN8/SEPTIN9/SPART/SPAST/SPIRE2/SPTBN1/VPS4B/WASHC5/ZFYVE19",41
"GO:0051348","negative regulation of transferase activity","34/3687","99/18860",0.343434343434343,1.75675934829718,3.7214104279185,0.000376359422230696,0.014562757393939,0.012739271232743,"ABL1/ADAR/ADIPOQ/AIDA/AKT1S1/APC/CDKN2A/CEP85/CHMP6/DBNDD2/DUSP7/ERRFI1/FBXO5/GADD45A/HNRNPU/INCA1/ITGB1BP1/MAD2L1/MIDN/MYCNOS/NPM1/NPRL2/PDCD4/PPIA/PRKN/PYCARD/RPL5/SNX6/SOCS4/SRCIN1/TAF7/XRCC1/YWHAG/ZFYVE28",34
"GO:0050807","regulation of synapse organization","88/3687","322/18860",0.273291925465839,1.39796195125731,3.55057113995545,0.000403956018178795,0.0155334888729498,0.0135884518700876,"ABI2/ABL1/ADAM10/ADGRB2/ADGRB3/AGAP1/AGO2/AKT1/AMIGO1/ANAPC2/ARF4/ARHGAP12/ASIC1/BDNF/CAMK2B/CAPRIN1/CARMIL3/CBLN1/CBLN2/CC2D1A/CDC42/CDK5R1/CFL1/CHD4/CHMP2B/CLSTN1/CNTNAP1/CRIPT/CRMP1/CRTAC1/CTNNA2/CUX2/DAB1/DAG1/DCTN1/DISC1/EPHB2/EPHB3/ETV5/FARP1/FGF22/GPRASP3/IL10RA/KIF1A/KIF5B/LINGO2/LRFN1/LRFN2/LRFN4/LRFN5/LRP8/LRRC24/MAPRE3/MEF2C/MRTFB/NAE1/NCKIPSD/NECTIN1/NF1/NRCAM/NRN1/NRXN2/NTRK2/PAFAH1B1/PRKCA/PUM2/RAC1/RHOA/RHOG/ROCK1/RTN4RL2/SENP1/SETD5/SIPA1L1/SIX4/SLITRK4/SLITRK5/SRCIN1/SRGAP1/STAU2/STRN4/TANC1/TANC2/TUBB/UBE2M/VPS35/WNT7A/ZDHHC17",88
"GO:0032204","regulation of telomere maintenance","37/3687","111/18860",0.333333333333333,1.70508995570021,3.67262962430499,0.000415477397866631,0.0158779047542735,0.0138897414686408,"ACD/ACTR8/ATM/CCT3/CCT5/DKC1/ERCC4/HNRNPA1/HNRNPU/HSP90AA1/INO80C/INO80E/KLF4/MAP2K7/NABP2/NAT10/NSMCE2/NSMCE3/NSMCE4A/PARN/PARP1/PARP3/PKIB/PML/PPP1R10/PTGES3/RTEL1/SIRT6/SLX4/SMC5/SMC6/SMG6/TNKS2/UPF1/XRCC1/YLPM1/YY1",37
"GO:0043087","regulation of GTPase activity","44/3687","139/18860",0.316546762589928,1.61922211620451,3.61201468987923,0.000454703325189551,0.0172703575843467,0.0151078373141766,"APC2/ARAP1/ARHGAP42/ARHGEF5/BCAR3/BCR/CCDC125/CRK/EPHA2/EPHB3/EVI5/EZH2/FGD4/FGD5/ITGB1BP1/MTSS2/NDEL1/NF1/NTRK2/PIP5K1A/POPDC1/PTK2/RAB3GAP2/RABGAP1/RALBP1/RALGAPB/RAP1GAP/RAPGEF6/RASA4/RASGRP1/RASGRP2/RCC2/RGP1/RGS10/RHOG/RIC1/RRP1B/RSU1/SIPA1L1/SNX13/TBC1D10B/TBC1D20/TBC1D7/ZC3H15",44
"GO:0048193","Golgi vesicle transport","87/3687","319/18860",0.272727272727273,1.39507360011835,3.50805945029756,0.000466588898991781,0.0175779341419193,0.015376900451449,"AKT1/ANK1/ARF4/ARFGAP3/ATP2C1/ATP9A/ATP9B/CCDC93/CEP19/COG1/COG2/COG6/COPB1/COPB2/COPG1/CORO7/CSK/CUX1/DNM2/EXOC6/EXOC8/GAK/GOLGA4/GOLGA7/KDELR2/KIF1C/LAMP1/LLGL1/LYPLA1/LYPLAL1/MYO1B/NAPG/NKD2/NSF/P4HB/PGAP1/PHAF1/PITPNB/PPP6C/PREB/RAB10/RAB14/RAB1B/RAB31/RAB33B/RAB3IP/RAB6B/RAB8A/RABEP1/RABGGTA/RABGGTB/RABIF/RBSN/RNF139/SCAMP2/SEC16A/SEC22C/SEC24C/SEC24D/SNAP23/SNX12/SORCS1/SPAST/SPIRE2/SPTBN1/STX17/STXBP5/TBC1D20/TEX261/TMED3/TMED4/TMEM115/TRAPPC1/TRAPPC11/TRAPPC3/TRAPPC5/TRAPPC9/USO1/VAMP3/VAPA/VAPB/VPS13C/VTI1B/WDR44/YIF1A/YIPF7/YWHAE",87
"GO:0031468","nuclear membrane reassembly","13/3687","26/18860",0.5,2.55763493355031,3.91779077927015,0.000474158456097646,0.0175779341419193,0.015376900451449,"BROX/CHMP1A/CHMP2A/CHMP2B/CHMP3/CHMP5/CHMP6/CHMP7/RCC1/REEP3/SPAST/UBE2I/VPS4B",13
"GO:0032925","regulation of activin receptor signaling pathway","13/3687","26/18860",0.5,2.55763493355031,3.91779077927015,0.000474158456097646,0.0175779341419193,0.015376900451449,"ACVR1B/ACVR2A/DMRT1/FKBP1A/FST/FSTL3/MAGI2/NOMO1/NOMO3/SKI/SMAD6/SMURF1/ZC3H3",13
"GO:0048169","regulation of long-term neuronal synaptic plasticity","13/3687","26/18860",0.5,2.55763493355031,3.91779077927015,0.000474158456097646,0.0175779341419193,0.015376900451449,"CAMK2B/DLG4/EPHB2/FMR1/FXR2/GRM5/HRAS/KIT/KRAS/NF1/RAB8A/SYNGR1/SYP",13
"GO:0035519","protein K29-linked ubiquitination","8/3687","12/18860",0.666666666666667,3.41017991140042,4.11687441382194,0.000491449987635884,0.0181105171038914,0.0158427956540515,"AKT1/ITCH/PRKN/RNF126/RNF167/UBE2D4/UBE2S/UBE2T",8
"GO:1901524","regulation of mitophagy","20/3687","49/18860",0.408163265306122,2.08786525187781,3.75861093891697,0.000497474256545165,0.0182240421436161,0.0159421055741194,"BNIP3L/CDC37/CSNK2A2/DNM1L/EIF2AK1/FBXO7/NOD2/OMA1/PINK1/PRKN/RBX1/RNF41/SLC25A4/SREBF1/SREBF2/STUB1/TIGAR/TOMM7/USP36/VPS13C",20
"GO:1902895","positive regulation of miRNA transcription","22/3687","56/18860",0.392857142857143,2.00957030493239,3.72962897639484,0.00050140298246152,0.0182599168495251,0.0159734882028763,"BMP2/BMPR1A/EGR1/FOXA1/FOXO3/GATA2/KLF4/MRTFB/MYB/MYCN/NOTCH3/NR1H2/PAX6/POU2F1/PPARG/RELA/SMAD4/SMAD6/SMARCA4/SREBF1/SREBF2/TEAD1",22
"GO:2000628","regulation of miRNA metabolic process","31/3687","89/18860",0.348314606741573,1.78172321213617,3.64388344116091,0.000507176007621463,0.018362144229149,0.0160629151074942,"BMP2/BMPR1A/EGR1/FOXA1/FOXO3/GATA2/HRAS/KLF4/MRTFB/MYB/MYCN/NCOR2/NFATC3/NFIB/NOTCH3/NR1H2/PAX6/POU2F1/PPARA/PPARG/QKI/RELA/SMAD4/SMAD6/SMARCA4/SREBF1/SREBF2/TEAD1/TENT2/TWIST1/YY1",31
"GO:0120032","regulation of plasma membrane bounded cell projection assembly","61/3687","210/18860",0.29047619047619,1.48586410425304,3.49015901206266,0.000570019582901027,0.0203549941622195,0.0178062289001215,"ABI2/ABITRAM/AKT1/ANLN/APC/ARAP1/ARF4/ARHGAP35/ARPC2/ATP8B1/AUTS2/BRK1/CARMIL2/CDC42/CDC42EP3/CDC42EP4/CDK10/CEP120/CFL1/CNTROB/DAAM2/DPYSL3/DYNLT2B/EPHA2/EPHB2/EPS8/EPS8L2/EVL/FAM98A/FMR1/GAP43/HRAS/HSP90AA1/IFT140/KANK1/KIT/MPHOSPH9/MYO10/NCKAP1/NDEL1/PFN1/PFN2/RAB3IP/RAC1/RAP1GAP/RAPGEF6/RCC2/RHOG/RHOQ/SDCCAG8/SEPTIN9/SH3YL1/STAU2/TAPT1/TBC1D7/TENM2/TRIM32/TTBK2/TWF2/WDR44/ZMYND10",61
"GO:0007099","centriole replication","19/3687","46/18860",0.41304347826087,2.11282885815026,3.7250053042762,0.000572083505770667,0.0203549941622195,0.0178062289001215,"C2CD3/CEP120/CEP192/CEP295/CEP44/CEP63/CEP72/CEP85/CHMP2A/CNTROB/DEUP1/MDM1/NPM1/NUP62/PLK4/RBM14/SPICE1/TRIM37/VPS4B",19
"GO:0044786","cell cycle DNA replication","19/3687","46/18860",0.41304347826087,2.11282885815026,3.7250053042762,0.000572083505770667,0.0203549941622195,0.0178062289001215,"CDC45/CDC7/CDK1/CDT1/DNA2/E2F7/FBXO5/FZR1/GMNN/MCM2/MCM3/MCM4/MCM6/PCNA/POLA1/RECQL5/RTEL1/SENP2/UPF1",19
"GO:0045943","positive regulation of transcription by RNA polymerase I","16/3687","36/18860",0.444444444444444,2.27345327426694,3.76997506583028,0.000584647997288193,0.0206831757212069,0.0180933169687083,"DDX11/DEK/DHX33/ERCC6/HEATR1/LYAR/MYBBP1A/MYO1C/NCL/PWP1/SF3B1/SIRT7/SMARCA4/SMARCA5/SMARCB1/WDR43",16
"GO:0000380","alternative mRNA splicing, via spliceosome","30/3687","86/18860",0.348837209302326,1.78439646526766,3.5939051986084,0.000602193403610452,0.0210631602358887,0.0184257214485625,"CELF4/DHX9/DYRK1A/FMR1/HNRNPA1/HNRNPL/HNRNPM/HNRNPU/HNRNPUL2/KHDRBS1/KHDRBS3/NOVA1/PTBP1/RBFOX1/RBM14/RBM17/RBM19/RNPS1/SAP18/SRSF1/SRSF10/SRSF12/SRSF2/SRSF5/SRSF6/SRSF9/STRAP/TIA1/WTAP/YTHDC1",30
"GO:0010569","regulation of double-strand break repair via homologous recombination","30/3687","86/18860",0.348837209302326,1.78439646526766,3.5939051986084,0.000602193403610452,0.0210631602358887,0.0184257214485625,"ABL1/ACTB/ATM/C1QBP/EPC1/EPC2/ERCC6/FIGNL1/FUS/H2AX/MAGEF1/MBTD1/MEAF6/MORF4L1/MORF4L2/MRGBP/MRNIP/PARP1/PIAS4/PPP4R2/RAD51AP1/RECQL5/RNF126/RTEL1/SENP3/SHLD2/SIRT6/SMCHD1/TEX15/YEATS4",30
"GO:0071826","protein-RNA complex organization","68/3687","240/18860",0.283333333333333,1.44932646234518,3.45332894722739,0.000612230282991633,0.0212939195618045,0.0186275860791955,"ADAR/AGO1/AGO2/ATM/BOP1/CELF4/COIL/DDX39B/DDX42/DHX9/DICER1/DKC1/EIF2D/EIF2S2/EIF2S3/EIF3A/EIF3B/EIF3K/EIF4H/FASTKD2/GEMIN2/GEMIN4/HSP90AA1/HTATSF1/KIF5B/LSM2/LSM4/LUC7L/LUC7L2/MCTS2/MTG1/PRKDC/PRPF6/PTBP2/PTGES3/PWP2/RBMX2/RNU6ATAC/RPL10L/RPL13A/RPL5/RPS15/RPSA2/RRP7A/RRP7BP/RSRP1/SART1/SCAF11/SF1/SF3A2/SF3B1/SNRPD2/SRPK1/SRPK2/SRSF1/SRSF10/SRSF12/SRSF5/SRSF6/SRSF9/STRAP/TAF12-DT/TSSC4/TXNL4A/U2AF2/USP39/YTHDC1/ZRSR2",68
"GO:0032869","cellular response to insulin stimulus","63/3687","219/18860",0.287671232876712,1.47151598916593,3.45974466766883,0.000619001960728912,0.0213553271600987,0.0186813044808181,"ADIPOQ/AKT1/AKT2/ALAS1/APC/APPL2/ATP2B1/BCAR1/BCAR3/C2CD5/CPEB2/CTSD/DENND4C/DNAI1/ERRFI1/FOXO1/FOXO4/GKAP1/GRB10/GRB2/HDAC5/HRAS/IGF1R/IGF2/INHBB/INPP5K/IRS1/KANK1/KBTBD2/LONP1/MAPKAP1/MYO1C/NCL/NCOA1/NDEL1/PARP1/PDK2/PDPK1/PPARG/PRKDC/PTPN2/PTPRE/RAB10/RAB31/RAB8A/RBX1/RELA/RHOQ/SGCB/SLC2A4/SMARCC1/SOCS1/SOS1/SRD5A1/SREBF1/SRSF5/STAT1/USO1/WDTC1/YWHAG/ZBTB7B/ZFP36L1/ZNF106",63
"GO:0000422","autophagy of mitochondrion","38/3687","117/18860",0.324786324786325,1.66136970042584,3.53734845358575,0.000620894667875587,0.0213553271600987,0.0186813044808181,"ABI2/ATG4B/ATG7/ATG9A/ATP13A2/BNIP3/BNIP3L/CDC37/CDKN2A/CISD2/CSNK2A2/DNM1L/EIF2AK1/EIF2S1/FBXO7/FUNDC1/FUNDC2/LRBA/MAP1LC3B/NOD2/OMA1/PINK1/PRKN/RBX1/RETREG1/RNF41/SLC25A4/SPATA33/SREBF1/SREBF2/STUB1/TIGAR/TOMM7/ULK3/USP36/VPS13C/WDR45B/WIPI2",38
"GO:1902750","negative regulation of cell cycle G2/M phase transition","27/3687","75/18860",0.36,1.84149715215622,3.59946415219512,0.000634422320326465,0.0216643709422376,0.0189516511230755,"ABRAXAS1/ATF5/ATM/BABAM2/BRSK1/CDC14B/CDC6/CDK1/CHFR/DTL/FHL1/FOXN3/FOXO4/FZR1/INTS3/MRNIP/NABP2/NAE1/PABIR1/PKMYT1/RAD21/RBBP8/TAOK1/TAOK2/TRIM39/UIMC1/ZFYVE19",27
"GO:0018205","peptidyl-lysine modification","41/3687","129/18860",0.317829457364341,1.62578344613276,3.51559318504883,0.000636878615972743,0.0216643709422376,0.0189516511230755,"ANTKMT/ATPSCKMT/BAG6/CDKN2A/DIP2A/EEF1AKMT1/EGR1/EHMT1/EHMT2/ESCO1/HDAC4/HDAC7/HINT1/KAT7/LIPT2/NNAT/NSMCE2/NSMCE3/NSMCE4A/PIAS1/PIAS4/PLOD3/PML/RANBP2/RASD2/RELA/RNF212/SAE1/SENP1/SENP2/SENP3/SENP7/SETD6/SIRT5/SMC5/SMC6/TOLLIP/TRIM28/UBA2/UBE2I/UHRF2",41
"GO:0090151","establishment of protein localization to mitochondrial membrane","15/3687","33/18860",0.454545454545455,2.32512266686392,3.75562880743098,0.000645692368921831,0.0218441609617216,0.0191089286057108,"AP3B1/CALM3/COX18/MOAP1/MTCH2/MTX1/MTX2/OXA1L/ROMO1/TIMM13/TIMM29/TIMM8B/TOMM20/TOMM40/TOMM7",15
"GO:0006271","DNA strand elongation involved in DNA replication","9/3687","15/18860",0.6,3.06916192026037,3.95186596340188,0.000654711621047209,0.0220289111190395,0.0192705451389468,"DNA2/LIG3/MCM3/MCM4/PCNA/POLA1/POLD3/POLE/RFC3",9
"GO:0007034","vacuolar transport","53/3687","178/18860",0.297752808988764,1.52308597166479,3.45646020028705,0.000674186251128528,0.0224559807833187,0.0196441389674612,"ADRB2/AP3B1/ATP13A2/ATP6V0D1/CHMP1A/CHMP2A/CHMP2B/CHMP3/CHMP5/CHMP6/CHMP7/DENND3/GAK/GNPTAB/GNPTG/HGS/HOOK1/HOOK3/LAMP1/LEPROTL1/LIPA/LRP1/LYPLA1/LYSET/LYST/MFSD1/MVB12B/NAGPA/NCOA4/PINK1/PLEKHF2/PRKN/PSAP/PTPN23/RAB12/RBSN/RILP/SLC30A4/SMURF1/SNX32/TGFBRAP1/TMEM106B/TMEM50B/TPCN2/VPS13C/VPS28/VPS35/VPS37C/VPS4B/VTA1/VTI1B/ZDHHC12/ZFYVE16",53
"GO:0000281","mitotic cytokinesis","33/3687","98/18860",0.336734693877551,1.72248883279919,3.53479946798775,0.000678141761432814,0.0224559807833187,0.0196441389674612,"ANLN/APC/ARF1/CENPA/CEP55/CFL1/CHMP1A/CHMP2A/CHMP2B/CHMP3/CHMP5/CHMP6/CHMP7/CKAP2/CNTROB/EFHC1/EXOC6/EXOC7/EXOC8/IQGAP2/MITD1/MYH10/NUP62/PDCD6IP/RAB35/RASA1/RHOA/ROCK1/SPART/SPAST/SPTBN1/VPS4B/ZFYVE19",33
"GO:0071985","multivesicular body sorting pathway","20/3687","50/18860",0.4,2.04610794684025,3.65112982631047,0.000678285964542174,0.0224559807833187,0.0196441389674612,"CHMP1A/CHMP2A/CHMP2B/CHMP3/CHMP5/CHMP6/CHMP7/HGS/LEPROTL1/LYST/MVB12B/PTPN23/RILP/RUBCN/SNX32/TMEM50B/VPS28/VPS37C/VPS4B/VTA1",20
"GO:0051236","establishment of RNA localization","51/3687","170/18860",0.3,1.53458096013019,3.45138547308174,0.000696955556755421,0.0229128007876045,0.0200437579257199,"ALKBH5/ALYREF/ATM/ATXN2/DDX25/DDX39A/DDX39B/DHX9/FMR1/FXR2/FYTTD1/G3BP2/GLE1/HNRNPA1/HSF1/IWS1/KHDRBS1/KHSRP/NSUN2/NUP107/NUP155/NUP210/NUP214/NUP50/NUP62/NXF1/PCID2/QKI/RAE1/RAN/RANBP2/RBFOX1/RBM33/SEH1L/SENP2/SLBP/SMG6/SMG7/SRSF1/THOC3/THOC6/TOMM20/TST/UPF1/UPF2/XPO5/XPOT/YBX1/YTHDC1/ZC3H3/ZFP36L1",51
"GO:0045664","regulation of neuron differentiation","58/3687","199/18860",0.291457286432161,1.49088267483335,3.43160234820635,0.000700114435076457,0.0229128007876045,0.0200437579257199,"ADRA2C/ALK/BCL11B/BEND6/BMP2/BMP7/BNIP2/CASZ1/CDK5R1/CDON/CPNE1/CYB5D2/DAB1/DIXDC1/DLL1/DUOXA1/EIF4ENIF1/ETV5/FEZF2/FOXA1/FOXO3/FUOM/GATA2/GDF5/GDPD5/HEY2/HOXD3/ID2/JAG1/LSM1/MEF2C/MEIS1/MIB1/MYCL/MYCN/NCOA1/NEUROD1/NEUROG1/NGF/NKX6-3/NOTCH1/NOTCH3/NRCAM/NREP/PAX6/PTBP1/RAC1/RAP1GAP/RHOA/ROCK1/SLC6A4/SOX11/TIAM1/TRIM32/YWHAG/YWHAH/ZC4H2/ZEB1",58
"GO:1900027","regulation of ruffle assembly","14/3687","30/18860",0.466666666666667,2.38712593798029,3.74810311370666,0.000703187231407666,0.0229128007876045,0.0200437579257199,"CARMIL2/EPS8/EPS8L2/EVL/FAM98A/HRAS/KANK1/NDEL1/PFN1/PFN2/RAC1/RCC2/RHOG/SH3YL1",14
"GO:0032970","regulation of actin filament-based process","105/3687","402/18860",0.261194029850746,1.3360779503621,3.35753768409243,0.000713076730561335,0.023060703609646,0.0201731409893187,"ABI2/ABITRAM/ABL1/ACTG1/AKAP13/ARAP1/ARAP2/ARF1/ARHGAP28/ARHGAP35/ARHGEF10/ARHGEF10L/ARHGEF18/ARHGEF26/ARHGEF5/ARPC2/ARPC5/BAG4/BRAF/BRK1/CACNA1C/CAPG/CAPZA1/CAPZA2/CARMIL2/CARMIL3/CD47/CDC42/CDC42EP3/CDC42EP4/CDK10/CDK5R1/CFL1/CLASP1/CRK/CTNNA2/CTNNA3/CYRIB/DAAM2/DAPK3/DIXDC1/DVL2/EDN1/EPS8/EVL/FLNA/GBA2/GRB2/GRHL3/GSN/HRAS/INPP5K/IQGAP2/ITGB1BP1/JAM3/KANK1/KANK2/KANK3/KIRREL1/LRP1/MLST8/MTPN/MTSS1/MYH7B/NCKAP1/PDE4B/PDE4D/PDGFA/PFN1/PFN2/PKP2/PPM1F/PRKCE/PRKN/PTGER4/PXN/PYCARD/RAC1/RASA1/RHOA/RHOBTB1/RHOF/RHOG/RHOQ/RHPN1/RHPN2/RNH1/ROCK1/SMAD4/SORBS3/SPECC1L/SPTAN1/SPTBN1/SPTBN2/SPTBN4/SSH1/SSH2/STAU2/SVIL/TAOK1/TAOK2/TMOD3/TWF2/WASHC5/WNT4",105
"GO:0033673","negative regulation of kinase activity","29/3687","83/18860",0.349397590361446,1.78726296561347,3.54328377091393,0.00071517607705573,0.023060703609646,0.0201731409893187,"ADAR/ADIPOQ/AIDA/AKT1S1/APC/CDKN2A/CEP85/CHMP6/DBNDD2/DUSP7/ERRFI1/GADD45A/HNRNPU/INCA1/ITGB1BP1/MIDN/MYCNOS/NPM1/NPRL2/PDCD4/PPIA/PRKN/PYCARD/SNX6/SOCS4/SRCIN1/TAF7/YWHAG/ZFYVE28",29
"GO:0046785","microtubule polymerization","36/3687","110/18860",0.327272727272727,1.67408832014202,3.4952052088452,0.000726754802013556,0.023312637198269,0.0203935285320957,"ABL1/BLOC1S2/CAMSAP1/CAMSAP3/CDK1/CDK5R1/CEP192/CLASP1/CLIP3/DCTN1/DYRK1A/EML2/FBXO5/FKBP4/GBA2/HAUS3/HAUS6/HDGFL3/MAPRE3/MAPT/MECP2/NDEL1/NUMA1/PCNT/PDE4DIP/PPP2CA/RAC1/RANBP9/SKA1/SSNA1/TPGS2/TPPP/TUBG1/TUBG2/TUBGCP3/TUBGCP4",36
"GO:0032868","response to insulin","77/3687","280/18860",0.275,1.40669921345267,3.37978958624279,0.000736824207581191,0.0234875528415634,0.0205465419870685,"AANAT/ABCC8/ADIPOQ/AKT1/AKT2/ALAS1/APC/APPL2/ATP2B1/BCAR1/BCAR3/C2CD5/CITED1/CPEB2/CRY1/CRY2/CTSD/DENND4C/DNAI1/EGR1/EPM2AIP1/ERRFI1/FOXO1/FOXO4/GKAP1/GRB10/GRB2/HDAC5/HRAS/HSD11B2/IGF1R/IGF2/INHBB/INPP5K/IRS1/KANK1/KBTBD2/KHK/LONP1/MAPKAP1/MYO1C/NCL/NCOA1/NDEL1/OTC/PARP1/PDK2/PDPK1/PPARA/PPARG/PRKDC/PTPN2/PTPRE/RAB10/RAB31/RAB8A/RBX1/RELA/RHOQ/SGCB/SLC2A4/SMARCC1/SOCS1/SOS1/SRD5A1/SREBF1/SRSF5/SRSF6/STAT1/USO1/VGF/VPS13C/WDTC1/YWHAG/ZBTB7B/ZFP36L1/ZNF106",77
"GO:1904896","ESCRT complex disassembly","7/3687","10/18860",0.7,3.58068890697044,4.02383485186282,0.000744680813759863,0.0234875528415634,0.0205465419870685,"CHMP1A/CHMP2A/CHMP2B/CHMP5/CHMP7/VPS4B/VTA1",7
"GO:1904903","ESCRT III complex disassembly","7/3687","10/18860",0.7,3.58068890697044,4.02383485186282,0.000744680813759863,0.0234875528415634,0.0205465419870685,"CHMP1A/CHMP2A/CHMP2B/CHMP5/CHMP7/VPS4B/VTA1",7
"GO:0099175","regulation of postsynapse organization","45/3687","146/18860",0.308219178082192,1.57662427410636,3.4478328752646,0.000747382960715231,0.0234875528415634,0.0205465419870685,"ABI2/ADAM10/AKT1/ARF4/ARHGAP12/ASIC1/CAMK2B/CAPRIN1/CARMIL3/CBLN1/CC2D1A/CDC42/CDK5R1/CFL1/CHMP2B/CRIPT/CRMP1/CUX2/DISC1/EPHB2/GPRASP3/KIF1A/LRFN1/LRFN2/LRFN4/LRP8/MAPRE3/NAE1/NCKIPSD/NF1/NRCAM/NRXN2/PAFAH1B1/PUM2/RAC1/RHOG/SENP1/SIPA1L1/SRCIN1/STAU2/TANC1/TANC2/UBE2M/VPS35/WNT7A",45
"GO:0045931","positive regulation of mitotic cell cycle","43/3687","138/18860",0.311594202898551,1.59388843685019,3.45166359825432,0.00075535075740894,0.0235559199501437,0.0206063484588816,"ABL1/AKT1/ANAPC11/ANAPC7/AURKA/BRD4/CCNB1/CCND1/CCND3/CCNE2/CDC25B/CDC25C/CDC6/CDC7/CDK1/CDK10/CPSF3/DDX3X/DTL/DUSP3/EIF4EBP1/FBXO5/FOXA1/HSF1/MAD1L1/MEIS2/MEPCE/NEUROG1/NSMCE2/PAFAH1B1/PLRG1/PPP1R10/PRKCA/RCC2/SKA1/SKA3/SMARCD3/STAT5B/TFDP1/TMOD3/UBE2E2/VPS4B/WNT10B",43
"GO:0030833","regulation of actin filament polymerization","41/3687","130/18860",0.315384615384615,1.61327741962404,3.4587560533056,0.000757168158630044,0.0235559199501437,0.0206063484588816,"ABITRAM/ARHGAP28/ARPC2/ARPC5/BAG4/CAPG/CAPZA1/CAPZA2/CARMIL2/CDC42EP3/CDC42EP4/CFL1/CYRIB/DAAM2/EPS8/EVL/GBA2/GRB2/GSN/KANK1/KANK2/KANK3/KIRREL1/MLST8/MTPN/NCKAP1/PFN1/PFN2/PRKCE/PYCARD/RAC1/RASA1/SPTAN1/SPTBN1/SPTBN2/SPTBN4/SSH1/SSH2/SVIL/TMOD3/TWF2",41
"GO:1903320","regulation of protein modification by small protein conjugation or removal","68/3687","242/18860",0.28099173553719,1.4373485576977,3.37542947779105,0.000782243621367522,0.0238878554124564,0.0208967203830838,"ABL1/AKT1/ARRB2/ARRDC3/BIRC3/BIRC8/CDC14B/CDKN2A/CEP63/CHFR/CRY1/DCUN1D2/DCUN1D4/DDX3X/DNAJA3/EGR1/FBXO5/FZR1/HDAC4/HSP90AA1/ITCH/MAD2L1/N4BP1/NGF/NOD2/NPM1/NSMCE3/OTUD4/PARP10/PAXIP1/PHF23/PIAS1/PIAS4/PINK1/PPIA/PRKCE/PRKN/PRMT3/PTTG1IP/RASD2/RASSF1/RASSF5/RBX1/RELA/RIPK2/RNF111/RPL5/SAE1/SENP2/SIAH2/SIRT7/SPOPL/SPRTN/SPRY2/SPSB4/STUB1/SVBP/TBC1D7/TCF25/TOLLIP/U2AF2/UBA2/UBB/UBE2S/UBE2V1/UBE3A/UBQLN1/VPS28",68
"GO:0046058","cAMP metabolic process","12/3687","24/18860",0.5,2.55763493355031,3.76389178659285,0.00078327162796457,0.0238878554124564,0.0208967203830838,"ADCY1/ADCY3/ADCY4/ADCY5/ADCY9/CACNB4/EPHA2/NTSR1/PDE4B/PDE4C/PDE4D/PDE7A",12
"GO:0090630","activation of GTPase activity","12/3687","24/18860",0.5,2.55763493355031,3.76389178659285,0.00078327162796457,0.0238878554124564,0.0208967203830838,"APC2/ARHGAP42/BCR/CCDC125/EPHA2/MTSS2/PIP5K1A/RALGAPB/RASGRP1/RHOG/SIPA1L1/TBC1D7",12
"GO:1900407","regulation of cellular response to oxidative stress","12/3687","24/18860",0.5,2.55763493355031,3.76389178659285,0.00078327162796457,0.0238878554124564,0.0208967203830838,"AIFM2/BMP7/FADS2/FUT8/MAPKAP1/MIR132/NFE2L2/OXR1/PINK1/PNPLA8/PRKN/TBC1D24",12
"GO:0050657","nucleic acid transport","50/3687","167/18860",0.29940119760479,1.53151792428162,3.40092314293852,0.000821102501847465,0.0247972955557934,0.0216922843235184,"ALKBH5/ALYREF/ATXN2/DDX25/DDX39A/DDX39B/DHX9/FMR1/FXR2/FYTTD1/G3BP2/GLE1/HNRNPA1/HSF1/IWS1/KHDRBS1/KHSRP/NSUN2/NUP107/NUP155/NUP210/NUP214/NUP50/NUP62/NXF1/PCID2/QKI/RAE1/RAN/RANBP2/RBFOX1/RBM33/SEH1L/SENP2/SLBP/SMG6/SMG7/SRSF1/THOC3/THOC6/TOMM20/TST/UPF1/UPF2/XPO5/XPOT/YBX1/YTHDC1/ZC3H3/ZFP36L1",50
"GO:0050658","RNA transport","50/3687","167/18860",0.29940119760479,1.53151792428162,3.40092314293852,0.000821102501847465,0.0247972955557934,0.0216922843235184,"ALKBH5/ALYREF/ATXN2/DDX25/DDX39A/DDX39B/DHX9/FMR1/FXR2/FYTTD1/G3BP2/GLE1/HNRNPA1/HSF1/IWS1/KHDRBS1/KHSRP/NSUN2/NUP107/NUP155/NUP210/NUP214/NUP50/NUP62/NXF1/PCID2/QKI/RAE1/RAN/RANBP2/RBFOX1/RBM33/SEH1L/SENP2/SLBP/SMG6/SMG7/SRSF1/THOC3/THOC6/TOMM20/TST/UPF1/UPF2/XPO5/XPOT/YBX1/YTHDC1/ZC3H3/ZFP36L1",50
"GO:0060491","regulation of cell projection assembly","61/3687","213/18860",0.286384976525822,1.46493644081285,3.36386898848106,0.000845862908285158,0.0253025041013722,0.0221342328170026,"ABI2/ABITRAM/AKT1/ANLN/APC/ARAP1/ARF4/ARHGAP35/ARPC2/ATP8B1/AUTS2/BRK1/CARMIL2/CDC42/CDC42EP3/CDC42EP4/CDK10/CEP120/CFL1/CNTROB/DAAM2/DPYSL3/DYNLT2B/EPHA2/EPHB2/EPS8/EPS8L2/EVL/FAM98A/FMR1/GAP43/HRAS/HSP90AA1/IFT140/KANK1/KIT/MPHOSPH9/MYO10/NCKAP1/NDEL1/PFN1/PFN2/RAB3IP/RAC1/RAP1GAP/RAPGEF6/RCC2/RHOG/RHOQ/SDCCAG8/SEPTIN9/SH3YL1/STAU2/TAPT1/TBC1D7/TENM2/TRIM32/TTBK2/TWF2/WDR44/ZMYND10",61
"GO:0050803","regulation of synapse structure or activity","88/3687","329/18860",0.267477203647416,1.36821807995397,3.32134355081238,0.000846005225162986,0.0253025041013722,0.0221342328170026,"ABI2/ABL1/ADAM10/ADGRB2/ADGRB3/AGAP1/AGO2/AKT1/AMIGO1/ANAPC2/ARF4/ARHGAP12/ASIC1/BDNF/CAMK2B/CAPRIN1/CARMIL3/CBLN1/CBLN2/CC2D1A/CDC42/CDK5R1/CFL1/CHD4/CHMP2B/CLSTN1/CNTNAP1/CRIPT/CRMP1/CRTAC1/CTNNA2/CUX2/DAB1/DAG1/DCTN1/DISC1/EPHB2/EPHB3/ETV5/FARP1/FGF22/GPRASP3/IL10RA/KIF1A/KIF5B/LINGO2/LRFN1/LRFN2/LRFN4/LRFN5/LRP8/LRRC24/MAPRE3/MEF2C/MRTFB/NAE1/NCKIPSD/NECTIN1/NF1/NRCAM/NRN1/NRXN2/NTRK2/PAFAH1B1/PRKCA/PUM2/RAC1/RHOA/RHOG/ROCK1/RTN4RL2/SENP1/SETD5/SIPA1L1/SIX4/SLITRK4/SLITRK5/SRCIN1/SRGAP1/STAU2/STRN4/TANC1/TANC2/TUBB/UBE2M/VPS35/WNT7A/ZDHHC17",88
"GO:0042274","ribosomal small subunit biogenesis","35/3687","107/18860",0.327102803738318,1.67321911540675,3.44249343754448,0.000863749586796691,0.0257090081339342,0.0224898361541952,"AATF/BYSL/DDX52/DHX37/ERCC2/FBL/FSAF1/GTF2H5/HEATR1/KRI1/MPHOSPH10/NAT10/NOB1/NOL7/NOP56/NPM1/PRKDC/PWP2/RIOK2/RPP40/RPS15/RPS16/RPS23/RPS5/RPS9/RPSA2/RRP7A/RRP7BP/RRP9/TRMT112/TSR3/UTP18/UTP20/UTP4/WDR43",35
"GO:0048593","camera-type eye morphogenesis","44/3687","143/18860",0.307692307692308,1.57392918987712,3.3960054779095,0.000883909440790826,0.0261831739135694,0.0229046289240433,"ABI2/AHI1/ALDH1A3/BCAR3/BMP7/CALB1/CDON/DIO3/DLL1/EPHA2/EPHB2/FAT1/FJX1/FOXN4/FRS2/HCN1/HMGN1/IFT122/IFT172/JAG1/KDM2B/LHX1/MEIS1/NECTIN1/NF1/NOTCH1/NTRK2/PAX6/PTF1A/RDH13/SAMD11/SHROOM2/SKI/SOX1/SOX11/SP3/TBC1D20/TDRD7/TENM3/TWIST1/VSX1/WNT16/YY1/ZEB1",44
"GO:0000381","regulation of alternative mRNA splicing, via spliceosome","25/3687","69/18860",0.36231884057971,1.85335864750023,3.50059092842662,0.000890355551946379,0.0262485296290478,0.0229618010765119,"CELF4/DYRK1A/FMR1/HNRNPA1/HNRNPL/HNRNPU/KHDRBS1/KHDRBS3/NOVA1/PTBP1/RBFOX1/RBM14/RBM19/RNPS1/SAP18/SRSF1/SRSF10/SRSF12/SRSF2/SRSF5/SRSF6/SRSF9/TIA1/WTAP/YTHDC1",25
"GO:0006360","transcription by RNA polymerase I","26/3687","73/18860",0.356164383561644,1.82187693896735,3.46816441038087,0.000953055726157836,0.0278319245313357,0.0243469300450947,"CEBPA/DDX11/DEK/DHX33/ERCC2/ERCC6/FLNA/GTF2H5/HEATR1/LYAR/MYBBP1A/MYO1C/NCL/POLR1A/POLR2E/POLR2F/PRR7/PWP1/SF3B1/SIRT7/SMARCA4/SMARCA5/SMARCB1/SPTY2D1/TAF1B/WDR43",26
"GO:0010972","negative regulation of G2/M transition of mitotic cell cycle","26/3687","73/18860",0.356164383561644,1.82187693896735,3.46816441038087,0.000953055726157836,0.0278319245313357,0.0243469300450947,"ABRAXAS1/ATM/BABAM2/BRSK1/CDC14B/CDC6/CDK1/CHFR/DTL/FHL1/FOXN3/FOXO4/FZR1/INTS3/MRNIP/NABP2/NAE1/PABIR1/PKMYT1/RAD21/RBBP8/TAOK1/TAOK2/TRIM39/UIMC1/ZFYVE19",26
"GO:0110053","regulation of actin filament organization","75/3687","274/18860",0.273722627737226,1.40016510960784,3.28913504423403,0.000986676629625421,0.028678474244183,0.025087478425613,"ABI2/ABITRAM/ABL1/ACTG1/ARAP1/ARF1/ARHGAP28/ARHGAP35/ARHGEF10/ARHGEF10L/ARHGEF18/ARHGEF5/ARPC2/ARPC5/BAG4/BRAF/BRK1/CAPG/CAPZA1/CAPZA2/CARMIL2/CARMIL3/CD47/CDC42/CDC42EP3/CDC42EP4/CFL1/CLASP1/CTNNA2/CYRIB/DAAM2/EPS8/EVL/FLNA/GBA2/GRB2/GSN/INPP5K/ITGB1BP1/KANK1/KANK2/KANK3/KIRREL1/MLST8/MTPN/MTSS1/NCKAP1/PFN1/PFN2/PPM1F/PRKCE/PRKN/PTGER4/PXN/PYCARD/RAC1/RASA1/RHOA/RHPN1/RHPN2/RNH1/ROCK1/SORBS3/SPECC1L/SPTAN1/SPTBN1/SPTBN2/SPTBN4/SSH1/SSH2/SVIL/TMOD3/TWF2/WASHC5/WNT4",75
"GO:0009798","axis specification","33/3687","100/18860",0.33,1.68803905614321,3.40061013269218,0.00100856682996613,0.0291777441323379,0.0255242318749422,"AHI1/AURKA/BMPR1A/C2CD3/CHRDL1/DDIT3/DLL1/FOXA2/FRS2/HEY2/HOXD8/IFT172/IFT25/IRX4/LDB1/LHX1/MDFI/NCKAP1/NEUROG1/NOTCH1/OTX2/PAX6/PCSK6/PGAP1/RIPPLY2/SKI/SMAD2/SMAD4/SMAD6/TBX3/TDRD5/TDRD7/WNT7A",33
"GO:0031110","regulation of microtubule polymerization or depolymerization","34/3687","104/18860",0.326923076923077,1.67229976424443,3.38898531303535,0.00102686542474516,0.0295689481144061,0.025866450968489,"ABL1/APC/APC2/BBOF1/CAMSAP1/CAMSAP3/CCDC88C/CDK5R1/CKAP2/CLASP1/CLIP3/DCTN1/DYRK1A/EML2/FKBP4/GBA2/HAUS3/HAUS6/HDGFL3/MAPRE2/MAPRE3/MAPT/MECP2/NUMA1/PDE4DIP/PPP2CA/RAC1/SKA1/SKA3/SPAST/SPECC1L/STMND1/TAOK1/TTBK2",34
"GO:1903312","negative regulation of mRNA metabolic process","36/3687","112/18860",0.321428571428571,1.64419388585377,3.37060846857126,0.0010518953756302,0.0301494642154009,0.0263742773275702,"BAG4/C1QBP/CELF4/CIRBP/DHX34/DHX9/DYRK1A/EIF4ENIF1/FUS/GDNF/HNRNPAB/HNRNPK/HNRNPU/JAK2/LARP4B/NICOL1/NPM1/PABPC1/PTBP1/QKI/RBM10/RBM42/RNPS1/SAP18/SRSF1/SRSF10/SRSF12/SRSF6/SRSF9/SYNCRIP/TENT4A/TENT5C/TRAF2/U2AF2/YBX1/ZC3H14",36
"GO:0033235","positive regulation of protein sumoylation","8/3687","13/18860",0.615384615384615,3.14785837975423,3.81870731866269,0.00105851847112685,0.030199483201596,0.0264180331503645,"CDKN2A/HDAC4/PIAS1/PIAS4/RASD2/SAE1/TOLLIP/UBA2",8
"GO:0070585","protein localization to mitochondrion","25/3687","70/18860",0.357142857142857,1.82688209539308,3.4165626455777,0.0011312431900477,0.0321262687595655,0.028103554866226,"AKT1/CHCHD4/COX18/DNM1L/EIF2AK1/GRPEL1/GRPEL2/HSP90AA1/HSPD1/MOAP1/MTCH2/MTX1/MTX2/OMA1/OXA1L/PAM16/PINK1/PRKN/ROMO1/TIMM13/TIMM29/TIMM8B/TOMM20/TOMM40/TOMM7",25
"GO:0006605","protein targeting","85/3687","319/18860",0.266457680250784,1.36300294264437,3.22328776979254,0.00115976762123628,0.0327859422058166,0.0286806268265354,"AKT2/ANKRD13C/AP1M2/AP1S3/AP3B1/BAG3/BAG4/BAG6/BAP1/BID/BNIP3L/C2CD5/CDC37/CDK5R1/CDKN2A/CSNK2A2/EDEM1/FBXO7/GDAP1/GET1/GNPTAB/GNPTG/GOLGA7/HACL1/HGS/HRAS/ICMT/INPP5K/ITGB1BP1/LYPLA1/LYSET/MTERF4/MYO1C/NACAD/NAGPA/NCOA4/NPEPPS/PAN3/PARD3/PEX16/PINK1/PML/PRKN/RAB3IP/SAE1/SEC61B/SEC61G/SGTA/SIL1/SMURF1/SNAP25-AS1/SPCS1/SPCS3/SREBF1/SREBF2/SRP14/SRP54/SRP68/SRPRB/SYNGR1/TAOK2/TIMM13/TIMM8B/TOMM20/TOMM34/TOMM40/TOMM7/TRAM2/TTC9-DT/UBE2D3/UBE2J2/UBL5/USP36/VPS13C/VPS37C/YWHAE/YWHAG/ZDHHC11B/ZDHHC12/ZDHHC14/ZDHHC24/ZDHHC9/ZFAND2A/ZFAND6/ZFYVE16",85
"GO:0010770","positive regulation of cell morphogenesis","16/3687","38/18860",0.421052631578947,2.15379783877921,3.50952875444124,0.00119681597253306,0.0335270936015936,0.0293289744162067,"ANAPC2/ANKRD27/CAMK2B/CAPRIN1/CUX1/CUX2/EPHB2/GPRASP3/LRP8/MAPRE3/MPL/PAFAH1B1/PARP6/PRKDC/STAU2/TBC1D24",16
"GO:0045324","late endosome to vacuole transport","16/3687","38/18860",0.421052631578947,2.15379783877921,3.50952875444124,0.00119681597253306,0.0335270936015936,0.0293289744162067,"CHMP1A/CHMP2A/CHMP2B/CHMP3/CHMP5/CHMP6/CHMP7/HGS/LEPROTL1/MVB12B/PTPN23/TMEM50B/VPS28/VPS37C/VPS4B/VTA1",16
"GO:0045646","regulation of erythrocyte differentiation","20/3687","52/18860",0.384615384615385,1.96741148734639,3.44351337312889,0.00121429254617965,0.0338634466369289,0.0296232107638421,"ACVR1B/ACVR2A/BRD1/FAM210B/FOXO3/GATA2/GLUL/HOXA5/ID2/INHBA/KAT7/KLF13/LDB1/P4HTM/PRKDC/SENP1/SMAP1/STAT1/STAT5B/ZFP36L1",20
"GO:0061684","chaperone-mediated autophagy","9/3687","16/18860",0.5625,2.8773393002441,3.7031933293033,0.00123729637603907,0.0341184710037276,0.0298463020707783,"ATP13A2/BAG3/EEF1A2/GFAP/HSP90AA1/PLK3/SNRNP70/STUB1/ZDHHC12",9
"GO:0042790","nucleolar large rRNA transcription by RNA polymerase I","12/3687","25/18860",0.48,2.4553295362083,3.58929129564292,0.00123997027553525,0.0341184710037276,0.0298463020707783,"DDX11/ERCC2/ERCC6/GTF2H5/NCL/POLR1A/POLR2E/PWP1/SIRT7/SMARCA4/SMARCB1/TAF1B",12
"GO:0046755","viral budding","12/3687","25/18860",0.48,2.4553295362083,3.58929129564292,0.00123997027553525,0.0341184710037276,0.0298463020707783,"CHMP1A/CHMP2A/CHMP2B/CHMP3/CHMP5/CHMP6/CHMP7/MVB12B/PDCD6IP/VPS28/VPS37C/VPS4B",12
"GO:0007041","lysosomal transport","41/3687","133/18860",0.308270676691729,1.57688770339192,3.29111582865271,0.0012467601627166,0.0341535051653914,0.0298769494046432,"ADRB2/AP3B1/ATP13A2/CHMP1A/CHMP2A/CHMP2B/CHMP3/CHMP5/CHMP6/CHMP7/DENND3/GAK/GNPTAB/GNPTG/HGS/HOOK1/HOOK3/LAMP1/LIPA/LRP1/LYSET/LYST/MFSD1/NAGPA/NCOA4/PINK1/PLEKHF2/PRKN/PSAP/RAB12/RBSN/RILP/SLC30A4/SNX32/TGFBRAP1/TMEM106B/TPCN2/VPS35/VPS4B/ZDHHC12/ZFYVE16",41
"GO:0000910","cytokinesis","56/3687","195/18860",0.287179487179487,1.46900057721864,3.24516554227987,0.00125345663937755,0.0341856830589709,0.0299050981200903,"ALKBH4/ANLN/APC/ARF1/AURKA/CALM3/CDC14A/CDC14B/CDC25B/CDC42/CDC6/CENPA/CEP55/CFL1/CHMP1A/CHMP2A/CHMP2B/CHMP3/CHMP5/CHMP6/CHMP7/CKAP2/CNTROB/E2F7/EFHC1/EXOC6/EXOC7/EXOC8/FSD1/IQGAP2/KLHL13/MITD1/MYH10/NUP62/PDCD6IP/PLK3/PRKCE/PRPF40A/RAB35/RASA1/RHOA/ROCK1/RXFP3/SEPTIN10/SEPTIN2/SEPTIN3/SEPTIN8/SEPTIN9/SPART/SPAST/SPIRE2/SPTBN1/SVIL/VPS4B/WASHC5/ZFYVE19",56
"GO:0039702","viral budding via host ESCRT complex","11/3687","22/18860",0.5,2.55763493355031,3.60346072511333,0.00129762725365062,0.0350812678050261,0.0306885415767981,"CHMP1A/CHMP2A/CHMP2B/CHMP3/CHMP5/CHMP6/CHMP7/PDCD6IP/VPS28/VPS37C/VPS4B",11
"GO:0040019","positive regulation of embryonic development","11/3687","22/18860",0.5,2.55763493355031,3.60346072511333,0.00129762725365062,0.0350812678050261,0.0306885415767981,"B4GALT5/CFL1/FOXA2/LHX1/NR2C2/OSR1/OTX2/PAFAH1B1/RBM19/SCX/WNT4",11
"GO:0032510","endosome to lysosome transport via multivesicular body sorting pathway","10/3687","19/18860",0.526315789473684,2.69224729847401,3.63788382033712,0.00130603059296177,0.0351549365262015,0.0307529858159649,"CHMP1A/CHMP2A/CHMP2B/CHMP3/CHMP5/CHMP6/CHMP7/LYST/SNX32/VPS4B",10
"GO:0006413","translational initiation","48/3687","162/18860",0.296296296296296,1.51563551617796,3.24909883876338,0.00131711809126712,0.0352999052079427,0.0308798021397556,"ABCE1/AGO2/AKT1/AKT1S1/AKT2/ATAD3A/CAPRIN1/CTIF/DDX3X/DHX33/DNAJC3/EIF1/EIF2A/EIF2AK1/EIF2B3/EIF2D/EIF2S1/EIF2S2/EIF2S3/EIF3A/EIF3B/EIF3K/EIF4E3/EIF4EBP1/EIF4H/EIF5B/FMR1/KHDRBS1/LTO1/MCTS2/MIF4GD/MTFMT/MTIF3/NPM1/NPRL2/OMA1/PAIP2/PML/POLR2G/RNF152/RPL13A/RPS5/SAMTOR/SLBP/TBK1/YTHDF1/YTHDF2/YWHAG",48
"GO:0048568","embryonic organ development","119/3687","472/18860",0.252118644067797,1.28965490293427,3.14155600275009,0.00135719018401181,0.0360986236831287,0.0315785085055041,"AHI1/AKT1/ALDH1A3/ANKRD24/BCR/BLOC1S5/BMP7/BMPR1A/C2CD3/CCN1/CDC42/CEBPA/CHD7/CIMAP3/CITED1/DLL1/DLX5/DNAAF1/DNAJB6/DVL2/DYNC2I1/E2F7/ECE1/EDN1/EFEMP1/EPHA2/EPHB2/ERCC2/FOXC1/FOXN4/FRS2/FZD3/GATA2/GDNF/GRB2/GRHL3/HEY2/HOXA5/HOXA7/HOXA9/HOXB2/HOXB9/HOXD10/HOXD3/HS6ST1/HSF1/ID2/IFT122/IFT140/IFT172/IGF2/KDM2B/KIT/LEF1/LHX1/LRIG1/MBD3/MDFI/MEF2C/MIB1/MMP16/MTHFD1/MYB/MYCN/MYO7A/NCKAP1/NCOA1/NECTIN1/NEUROD1/NEUROG1/NOTCH1/NR2F2/NR4A3/OSR1/PALB2/PAX6/PBX4/PCGF2/PDGFA/PKD1/PKD2/PLK4/PLS1/POLE/PTK7/RAC1/RAD23B/RARG/RNF207/RPL10/RSPO3/RUNX2/SALL1/SATB2/SCT/SENP2/SIX4/SMAD2/SOBP/SOX11/SP3/SPINT2/SPRY2/SUFU/TBX3/TEAD1/TEAD4/TPRN/TRAF3IP1/TRIM28/TTBK2/TUBB2B/TULP3/TWIST1/VASH1/VASH2/WNT16/ZEB1/ZFP36L1",119
"GO:0048732","gland development","115/3687","454/18860",0.253303964757709,1.29571813814223,3.1440276076989,0.00135858170217557,0.0360986236831287,0.0315785085055041,"ABL1/AKT1/AKT2/ALDH1A3/ARHGAP35/ARHGAP5/ARMC5/ASH1L/ASXL1/ATM/ATP7B/AURKA/BCL11B/BMP2/BMP7/BMPR1A/BRAF/BTBD7/CACNB4/CCND1/CDKN2A/CEBPA/CLCN2/CRHR1/CRIP1/CRKL/CSNK2A2/DAG1/DBP/DDR1/DEAF1/DNAAF1/E2F7/EDN1/EPHA2/EPHB3/ERRFI1/ETV5/EXT1/EZH2/FADD/FKBP4/FOXA1/FOXC1/FRS2/GATA2/HMGA2/HOXA5/HOXA9/HOXB9/HOXD3/HSPA12A/ID2/IGF2/INHBB/JAK2/JARID2/KRAS/LBH/LEF1/LHX3/LIPA/MAD1L1/MAP2K2/MPST/MTX1/MYB/NCOA1/NCOR2/NF1/NFIB/NOTCH1/NRG1/NRG3/ONECUT1/OTC/PAX6/PCNA/PDGFA/PERP/PKD1/PKD2/PLXNA1/PML/PPARA/PPDPF/PSAP/PTF1A/RAP1GAP/RARG/RCBTB2/RELA/RHBDD3/RPS15/SALL1/SIX4/SMAD4/SMARCB1/SMARCC1/SNAI2/SOD2/SP3/SRD5A1/SRP54/SRSF1/SRSF5/STAT5B/SULF2/TBX3/UBE3A/UPF2/USF2/WNT10A/WNT4/ZBTB7B",115
"GO:0034599","cellular response to oxidative stress","72/3687","264/18860",0.272727272727273,1.39507360011835,3.18662071322113,0.00136651296794099,0.0361541956603533,0.0316271219975546,"ABCC1/ABL1/AIFM2/AKT1/ANKZF1/ATM/ATP13A2/BMAL1/BMP7/BNIP3/CCS/CDK1/CDKN2A/CFL1/CYP1B1/DAPK1/EDN1/EIF2S1/ENDOG/ETV5/EZH2/FADS2/FANCC/FBXO31/FOXO1/FOXO3/FOXO4/FOXP1/FUT8/GSR/HM13/HSF1/KLF4/LONP1/MAPKAP1/MAPT/MIR132/MT3/MYB/NFE2L2/NR4A2/OGG1/OSER1/OXR1/PARP1/PCGF2/PCNA/PDK2/PENK/PINK1/PKD2/PML/PNPLA8/PPIA/PPP5C/PRDX5/PRKN/PXN/RBX1/RELA/ROMO1/RWDD1/SIRPA/SLC25A24/SLC8A1/SOD2/STAU2/TBC1D24/TRAP1/TXN/VKORC1L1/WNT16",72
"GO:0016032","viral process","102/3687","396/18860",0.257575757575758,1.31756951122289,3.14835479456327,0.00138349878129018,0.0364478338509255,0.0318839920704948,"ADAR/ATG16L2/ATP7B/BSG/CANX/CCNK/CCNT2/CDK1/CHMP1A/CHMP2A/CHMP2B/CHMP3/CHMP5/CHMP6/CHMP7/CTBP1/CTBP2/CTSL/CXCR4/DAG1/DDX3X/DEK/DHX9/DYNLT1/EDEM2/EIF2D/EIF3A/EIF3B/EPHA2/FMR1/FUT8/GALNT1/GRK2/GTF2B/HACD3/HCFC1/HMGA2/HS3ST5/IFIT5/ILF3/INPP5K/ITCH/ITGB5/LAMP1/LARP7/LIG4/MAN1B1/MGAT1/MOGS/MVB12B/MX1/MYH10/N4BP1/NECTIN1/NOTCH1/OAZ2/P4HB/PABPC1/PARP10/PCBP1/PCBP2/PDCD6IP/PDE12/PLSCR1/PPIA/PRKN/PTBP1/PVR/RAB1B/RAN/RCC1/SLC3A2/SMARCB1/SMC5/SMC6/SPCS1/SPCS3/SRPK1/SRPK2/ST3GAL4/ST6GALNAC3/STAT1/TBC1D20/TFRC/TMEFF1/TMEM250/TPCN2/TRIM14/TRIM28/TRIM32/TRIM8/USF2/VAPA/VAPB/VPS28/VPS37C/VPS4B/WWP2/ZDHHC9/ZNF502/ZNF639/ZNFX1",102
"GO:1901873","regulation of post-translational protein modification","68/3687","247/18860",0.275303643724696,1.40825243304794,3.18367875807312,0.00140489241960519,0.0367463053223544,0.0321450902215463,"ABL1/AKT1/ARRB2/ARRDC3/BIRC3/BIRC8/CDC14B/CDKN2A/CEP63/CHFR/CRY1/DCUN1D2/DCUN1D4/DDX3X/DNAJA3/EGR1/FBXO5/FZR1/HDAC4/HSP90AA1/ITCH/MAD2L1/N4BP1/NGF/NOD2/NPM1/NSMCE3/OTUD4/PARP10/PAXIP1/PHF23/PIAS1/PIAS4/PINK1/PPIA/PRKCE/PRKN/PRMT3/PTTG1IP/RASD2/RASSF1/RASSF5/RBX1/RELA/RIPK2/RNF111/RPL5/SAE1/SENP2/SIAH2/SIRT7/SPOPL/SPRTN/SPRY2/SPSB4/STUB1/SVBP/TBC1D7/TCF25/TOLLIP/U2AF2/UBA2/UBB/UBE2S/UBE2V1/UBE3A/UBQLN1/VPS28",68
"GO:1903311","regulation of mRNA metabolic process","108/3687","423/18860",0.25531914893617,1.30602634904697,3.1379357502569,0.00140669913768341,0.0367463053223544,0.0321450902215463,"AGO1/AGO2/AKT1/ALKBH5/BAG4/C1QBP/CAPRIN1/CCNB1/CDC73/CDK11A/CDK11B/CELF4/CIRBP/CNOT1/CNOT4/CNOT6L/CNOT8/CNOT9/DAZAP1/DCPS/DHX34/DHX9/DYRK1A/EIF4ENIF1/FASTKD2/FASTKD3/FMR1/FUS/FXR2/GDNF/HDAC7/HNRNPA1/HNRNPAB/HNRNPK/HNRNPL/HNRNPU/IWS1/JAK2/KHDRBS1/KHDRBS3/KHSRP/LARP4B/LARP7/LSM1/MEX3D/MIR203A/MLH1/NANOS3/NCL/NICOL1/NOVA1/NPM1/PABPC1/PAN2/PAN3/PARN/PATL1/PDE12/PIAS4/POLR2G/PRKCA/PTBP1/PUM2/QKI/RBFOX1/RBM10/RBM14/RBM19/RBM23/RBM33/RBM42/RBX1/RIDA/RNPS1/ROCK1/SAFB/SAFB2/SAP18/SENP1/SLTM/SNRNP70/SNW1/SRPK1/SRPK2/SRSF1/SRSF10/SRSF12/SRSF2/SRSF5/SRSF6/SRSF9/SYNCRIP/TENT4A/TENT5C/TIA1/TNRC6B/TNRC6C/TRA2A/TRAF2/U2AF2/UPF1/WTAP/YBX1/YTHDC1/YTHDF1/YTHDF2/ZC3H14/ZFP36L1",108
"GO:0051205","protein insertion into membrane","25/3687","71/18860",0.352112676056338,1.80115136165515,3.33389629521565,0.001426370539521,0.0371036134881283,0.0324576577878619,"BAG6/CCDC47/COX18/EMC10/EMC6/GET1/GRIN3B/MOAP1/MTCH2/MTX1/MTX2/NOMO1/NOMO2/NOMO3/OXA1L/RAB5IF/ROMO1/SGTA/TIMM13/TIMM29/TIMM8B/TOMM20/TOMM40/TOMM7/TRAM2",25
"GO:0000423","mitophagy","32/3687","98/18860",0.326530612244898,1.67029220150224,3.2794257983016,0.00145270267088701,0.0373709078458853,0.0326914826899965,"ABI2/ATG4B/ATG7/ATG9A/BNIP3/BNIP3L/CDC37/CSNK2A2/DNM1L/EIF2AK1/EIF2S1/FBXO7/FUNDC1/LRBA/MAP1LC3B/NOD2/OMA1/PINK1/PRKN/RBX1/RETREG1/RNF41/SLC25A4/SPATA33/SREBF1/SREBF2/STUB1/TIGAR/TOMM7/ULK3/USP36/VPS13C",32
"GO:0006405","RNA export from nucleus","32/3687","98/18860",0.326530612244898,1.67029220150224,3.2794257983016,0.00145270267088701,0.0373709078458853,0.0326914826899965,"ALKBH5/ALYREF/DDX25/DDX39A/DDX39B/DHX9/FMR1/FYTTD1/GLE1/HNRNPA1/IWS1/KHDRBS1/NSUN2/NUP107/NUP155/NUP214/NUP62/NXF1/PCID2/RAE1/RAN/RANBP2/RBM33/SMG6/SMG7/THOC3/THOC6/UPF1/UPF2/XPO5/XPOT/YTHDC1",32
"GO:0032535","regulation of cellular component size","94/3687","361/18860",0.260387811634349,1.33195392661346,3.13918893639875,0.00145475509463065,0.0373709078458853,0.0326914826899965,"ABITRAM/ABL1/AKT1S1/ANAPC2/AP2M1/ARHGAP28/ARHGAP35/ARHGAP5/ARPC2/ARPC5/ATP13A2/BAG4/BDNF/BLOC1S2/BMPR2/BORCS8/BRK1/CAPG/CAPZA1/CAPZA2/CARMIL2/CDC42EP3/CDC42EP4/CDH4/CFL1/CHMP3/CLN8/CYRIB/DAAM2/DISC1/DNM1/DNM2/EDN1/EPS8/EVL/GBA2/GOLGA4/GRB2/GSN/HP1BP3/HSP90AA1/KANK1/KANK2/KANK3/KIAA0319/KIRREL1/KXD1/LRRC8A/MAPT/MLST8/MT3/MTPN/NCKAP1/NGF/NPM1/NRCAM/PAFAH1B1/PEX11G/PFN1/PFN2/PICALM/PLS1/PLXNA3/PRKCE/PRR16/PUM2/PYCARD/RAC1/RAP1GAP2/RARG/RASA1/RHOA/SCT/SEMA4F/SLC12A1/SLC12A6/SMURF1/SPART/SPECC1L/SPTAN1/SPTBN1/SPTBN2/SPTBN4/SSH1/SSH2/SVIL/TMOD3/TWF2/VAV2/WASHC5/WDTC1/WNK3/WNT7A/ZFYVE27",94
"GO:0030900","forebrain development","107/3687","419/18860",0.255369928400955,1.30628609971305,3.12537572927237,0.00146510823299802,0.0374813432664906,0.0327880898598295,"AKIRIN2/ALDH1A3/ALK/APLP1/ARHGAP35/ATF5/BCL11B/BMP2/BMPR1A/BNIP3/BTBD3/CDK5R1/CDON/CEP120/CFL1/CHD7/CRK/CRKL/CRTAC1/CSNK2A2/DAB1/DCLK2/DISC1/DIXDC1/DLX5/DNAJB1/EFHC1/EPHB2/EPHB3/EXT1/EZH1/EZH2/FBXO41/FBXO45/FEZ1/FEZF2/FLNA/FOXP1/FRS2/FXR2/GATA2/HMGA2/HOOK3/ID2/INHBA/INHBB/KDM2B/KIAA0319/KIF26A/KRAS/LEF1/LHX1/LHX2/LHX3/LHX6/LRP8/LYPD6/MYH10/NCOA1/NDEL1/NDNF/NEUROD1/NEUROG1/NF1/NFIB/NOTCH1/NOTCH3/NR2F2/NR4A2/NR4A3/NRG3/NTRK2/OTX2/PAFAH1B1/PALS1/PAX6/PCDH9/PGAP1/PLXNA1/PLXNA3/POU4F1/RAC1/RAN/RFX4/RHOA/RTN4RL2/SALL1/SCT/SKI/SLC8A3/SLITRK5/SOX1/SRD5A1/TACC1/TBX3/TMEM108/TMEM14B/TRAPPC9/TTBK2/TUBB2B/UBB/WDR37/WNT4/WNT7A/XRCC1/YWHAE/ZDHHC16",107
"GO:0031570","DNA integrity checkpoint signaling","39/3687","126/18860",0.30952380952381,1.58329781600734,3.23832576409296,0.00148625211743821,0.0378657895434566,0.0331243974191882,"ABRAXAS1/ATM/BABAM2/BRD4/BRSK1/CAMSAP3/CCND1/CDC14B/CDC45/CDC5L/CDC6/CDK1/CDT1/CEP63/CLOCK/CRY1/DNA2/DTL/ERCC6/FBXO31/FOXN3/FOXO4/FZR1/GNB1L/H2AX/INTS7/MRNIP/NAE1/PPP1R10/PRKDC/RAD9A/SETMAR/TAOK1/TAOK2/TELO2/TRIAP1/TRIM39/UIMC1/WAC",39
"GO:0051338","regulation of transferase activity","81/3687","304/18860",0.266447368421053,1.36295019485247,3.14486360063362,0.00149294067046867,0.0378803102084899,0.0331370998686855,"ABI1/ABL1/ADAR/ADIPOQ/AGAP2/AIDA/AKT1S1/APC/ARHGEF5/ARRDC3/BCCIP/CACUL1/CCNE2/CCNK/CCNT2/CDC14B/CDC25C/CDC37/CDC6/CDK5R1/CDKN2A/CEP85/CHMP6/CHTF18/CHTF8/CIMAP3/DBNDD2/DUSP7/EEF1A2/ERRFI1/EZH2/FBXO5/FZR1/GADD45A/HGS/HMGA2/HNRNPU/INCA1/ITGB1BP1/JAK2/KSR1/LDB1/MAD2L1/MAP2K2/MAP2K3/MAP3K11/MIDN/MRNIP/MST1/MT3/MYCNOS/NPM1/NPRL2/NRG1/PCNA/PDCD4/PKMYT1/POLG2/PPIA/PRKN/PTK2/PYCARD/RASGRP1/RASSF2/RBL2/RFC3/RHOA/RPL5/SNX6/SOCS4/SRCIN1/TAF7/TIGAR/TRAF2/TRIB1/TRIB2/UBE2S/XRCC1/YWHAG/ZFP91/ZFYVE28",81
"GO:0021537","telencephalon development","78/3687","291/18860",0.268041237113402,1.37110326334656,3.14490245776997,0.00150990491831067,0.0381543728541281,0.033376845562657,"AKIRIN2/ALDH1A3/ALK/ATF5/BCL11B/BMP2/BNIP3/BTBD3/CDK5R1/CDON/CEP120/CFL1/CHD7/CRK/CRKL/CRTAC1/CSNK2A2/DAB1/DCLK2/DISC1/DIXDC1/DLX5/EFHC1/EPHB2/EPHB3/EXT1/EZH1/EZH2/FBXO41/FBXO45/FEZ1/FEZF2/FLNA/FOXP1/FXR2/ID2/INHBA/KDM2B/KIF26A/LEF1/LHX1/LHX2/LHX6/LRP8/LYPD6/MYH10/NCOA1/NDEL1/NEUROD1/NF1/NFIB/NR4A3/NRG3/NTRK2/PAFAH1B1/PALS1/PAX6/PLXNA3/RAC1/RAN/RFX4/RHOA/RTN4RL2/SALL1/SCT/SKI/SLC8A3/SLITRK5/SRD5A1/TACC1/TMEM108/TMEM14B/TRAPPC9/TUBB2B/WDR37/XRCC1/YWHAE/ZDHHC16",78
"GO:0036258","multivesicular body assembly","14/3687","32/18860",0.4375,2.23793056685652,3.45485123190432,0.00153872044679921,0.0385676853689632,0.0337384048531086,"CHMP1A/CHMP2A/CHMP2B/CHMP3/CHMP5/CHMP6/CHMP7/HGS/MVB12B/PDCD6IP/VPS28/VPS37C/VPS4B/VTA1",14
"GO:1902751","positive regulation of cell cycle G2/M phase transition","14/3687","32/18860",0.4375,2.23793056685652,3.45485123190432,0.00153872044679921,0.0385676853689632,0.0337384048531086,"BRD4/CCNB1/CCND1/CDC25B/CDC25C/CDC7/CDK1/DTL/FBXO5/NPM1/RCC2/SMARCD3/VPS4B/WNT10B",14
"GO:0045911","positive regulation of DNA recombination","27/3687","79/18860",0.341772151898734,1.74825679002173,3.2852242956731,0.00156335194378618,0.0390270640483075,0.0341402621000845,"ACTB/ATM/EPC1/EPC2/ERCC2/ERCC6/FUS/H2AX/KMT5C/MBTD1/MEAF6/MLH1/MORF4L1/MORF4L2/MRGBP/MRNIP/PARP1/PAXIP1/PIAS4/PMS2/PRDM9/RAD51AP1/RNF126/SHLD2/TFRC/YEATS4/ZCWPW1",27
"GO:0001764","neuron migration","56/3687","197/18860",0.284263959390863,1.4540868657748,3.15821357207947,0.00162033762604536,0.0402871897303085,0.0352426002367507,"ABI1/ABI2/ACAP3/ADGRL3/APBB2/ASTN2/AUTS2/CAMK2B/CDK5R1/CRK/CRKL/CTNNA2/DAB1/DISC1/FBXO41/FBXO45/FEZF2/FKRP/FLNA/FZD3/GATA2/HSP90AA1/KIAA0319/KIF26A/LHX1/LHX6/LRP12/LRP8/MEF2C/MYH10/NDEL1/NDN/NDNF/NEO1/NR2F2/NR4A2/NRCAM/NRG3/NTRK2/PAFAH1B1/PAX6/PLXNA1/PLXNA3/POMGNT2/POU4F1/RAC1/RHOA/SATB2/SDCCAG8/SOX1/SPOCK1/TBC1D24/TUBB2B/TWIST1/UNK/YWHAE",56
"GO:1905168","positive regulation of double-strand break repair via homologous recombination","18/3687","46/18860",0.391304347826087,2.00162733930024,3.35277713592299,0.00166922681307243,0.0412914604526996,0.0361211204769469,"ACTB/ATM/EPC1/EPC2/ERCC6/FUS/H2AX/MBTD1/MEAF6/MORF4L1/MORF4L2/MRGBP/MRNIP/PARP1/PIAS4/RAD51AP1/RNF126/YEATS4",18
"GO:0030705","cytoskeleton-dependent intracellular transport","59/3687","210/18860",0.280952380952381,1.43714724837589,3.14020606824437,0.00167672510758768,0.0412914604526996,0.0361211204769469,"ACTN4/AP3B1/APBA1/BAG3/BLOC1S2/BLOC1S5/BORCS8/CAMSAP3/CCDC88C/CDC42/CLIP3/COPG1/DAW1/DST/DYNC1H1/DYNC2I1/DYNLL1/DYNLT2B/FEZ1/HNRNPU/HOOK1/HOOK3/IFT122/IFT140/IFT172/IFT25/IFT27/IFT80/IFT81/KIF17/KIF1A/KIF1B/KIF1C/KIF3A/KIF5B/KXD1/LAMP1/LCA5L/MAPK8IP3/MAPT/MYO10/MYO1C/NDEL1/OPA1/PAFAH1B1/PURA/RASGRP1/RPGR/SPAST/SPG7/SSNA1/SSX2IP/STAU2/TANC2/TMEM108/TRAF3IP1/TUBB/UBB/WDR35",59
"GO:0045333","cellular respiration","88/3687","336/18860",0.261904761904762,1.33971353662159,3.09724296591242,0.00168073785076406,0.0412914604526996,0.0361211204769469,"ACO2/ACTN3/ADPGK/AIFM2/ANTKMT/ATP5F1C/ATP5F1D/ATP5ME/ATP5MG/ATP5PO/ATPSCKMT/BCKDK/BID/CCNB1/CDK1/CISD1/COQ10B/COX6C/COX7A2L/COX7B/COX8C/ENO1/ENO2/ENO3/ETFB/ETFDH/FKRP/FOXK1/FOXK2/GPI/HDAC4/IDH3A/IDH3G/IFNAR1/ISCU/LDHA/LIPA/MDH1B/MFSD8/MLST8/MPC2/MTCH2/MTFR1/MYBBP1A/NDUFA11/NDUFA12/NDUFA3/NDUFA8/NDUFA9/NDUFB10/NDUFB11/NDUFB2/NDUFB4/NDUFS7/NDUFS8/NOS2/NR4A3/OGDHL/OPN3/OXA1L/PDK2/PFKM/PFKP/PGAM1/PINK1/PPARA/PPP2CA/PRELID1/PUM2/RAN/RHOA/SCO2/SDHA/SDHAF4/SDHD/SIRT6/SLC25A51/SOD2/SUCLA2/TIGAR/TMEM135/TRAP1/UQCC2/UQCR10/UQCR11/UQCRB/UQCRC1/UQCRFS1",88
"GO:0016925","protein sumoylation","24/3687","68/18860",0.352941176470588,1.80538936485904,3.27969920888767,0.00169627365321079,0.0413123488925058,0.0361393933557103,"CDKN2A/EGR1/HDAC4/HDAC7/NSMCE2/NSMCE3/NSMCE4A/PIAS1/PIAS4/PML/RANBP2/RASD2/RELA/RNF212/SAE1/SENP1/SENP2/SMC5/SMC6/TOLLIP/TRIM28/UBA2/UBE2I/UHRF2",24
"GO:0034085","establishment of sister chromatid cohesion","7/3687","11/18860",0.636363636363636,3.25517173360949,3.68800902324188,0.00170160700494088,0.0413123488925058,0.0361393933557103,"DDX11/DDX12P/NAA50/RAD21/STAG1/STAG2/STAG3",7
"GO:0051469","vesicle fusion with vacuole","7/3687","11/18860",0.636363636363636,3.25517173360949,3.68800902324188,0.00170160700494088,0.0413123488925058,0.0361393933557103,"CHMP1A/CHMP2A/CHMP2B/CHMP3/CHMP5/CHMP6/CHMP7",7
"GO:0010971","positive regulation of G2/M transition of mitotic cell cycle","13/3687","29/18860",0.448275862068966,2.29305200938993,3.43509277452388,0.00172010005730335,0.0415982009951759,0.0363894522813558,"BRD4/CCNB1/CCND1/CDC25B/CDC25C/CDC7/CDK1/DTL/FBXO5/RCC2/SMARCD3/VPS4B/WNT10B",13
"GO:0007163","establishment or maintenance of cell polarity","65/3687","236/18860",0.275423728813559,1.40886670068449,3.11574159332973,0.00174350624739078,0.0420001835704137,0.0367411003187612,"ABL1/ACTB/ANK1/ARF4/ARHGAP35/BCCIP/BRSK1/CAMSAP3/CARMIL2/CDC42/CDC42BPB/CENPA/CFL1/CLASP1/CLIC4/CORO7/CRK/CRKL/CYRIB/CYTH1/DCTN1/DLG4/DST/DYNLT1/FAT1/FEZ1/FRMD4B/GPSM2/GSN/IFT80/JAM3/KANK1/LHX2/LLGL1/MAD2L1/MYO9A/NCKAP1/NDEL1/NUMA1/PAFAH1B1/PALS1/PARD3/PARD3B/PARD6B/PARD6G/PAX6/PDCD6IP/PKD1/PTK2/PTK7/RAB10/RAC1/RHOA/RHOBTB1/RHOG/RHOQ/ROCK1/SDCCAG8/SIPA1L3/SKA1/SKA3/SPDL1/SPINT2/SPRY2/WNT7A",65
"GO:0033047","regulation of mitotic sister chromatid segregation","21/3687","57/18860",0.368421052631579,1.88457310893181,3.29699096960553,0.00175300775077393,0.0420653914148892,0.0367981431160011,"APC/ATM/BUB3/CCNB1/CDK1/CENPF/FBXO5/GEN1/HASPIN/HNRNPU/KLHL22/KNL1/MAD1L1/MAD2L1/NUMA1/RAD21/SKA1/SKA3/SPC24/SPDL1/ZWINT",21
"GO:0007029","endoplasmic reticulum organization","33/3687","103/18860",0.320388349514563,1.63887287004195,3.20487827642287,0.00176573576151197,0.0422072204614696,0.0369222129363101,"BAG6/CCDC47/EMC10/EMC6/ESYT2/GAK/GET1/JAGN1/NOMO1/NOMO2/NOMO3/RAB10/RAB18/RAB3GAP2/RAB5IF/REEP3/RETREG1/RETREG2/RETREG3/RTN1/RTN3/SEC16A/SGTA/SMPD4/TMCC1/TMEM170A/TMEM38B/TOR1B/TRAM2/VAPA/VAPB/VCPIP1/ZFYVE27",33
"GO:0036503","ERAD pathway","36/3687","115/18860",0.31304347826087,1.6013018714402,3.18829812273917,0.00177684526562948,0.0423094193827389,0.0370116149460068,"AFG2B/ANKZF1/BAG6/CANX/CCDC47/CLGN/DERL2/DNAJB9/EDEM1/EDEM2/EDEM3/HM13/MAN1B1/NFE2L2/PRKN/RHBDD1/RNF103/RNF139/RNF145/RNF5/RNFT1/SEC61B/SEL1L2/SGTA/STT3B/STUB1/SVIP/TMX1/UBAC2/UBE2G2/UBE2J2/UBE4A/UBQLN1/UBXN4/USP14/ZDHHC9",36
"GO:0021953","central nervous system neuron differentiation","67/3687","245/18860",0.273469387755102,1.39886971875813,3.09772427453403,0.00182013413867282,0.0431741396648408,0.0377680586548566,"ARHGAP35/ATF5/B4GALT5/BCL11B/BMP2/BMPR1A/BRSK1/CBLN1/CDON/CLN8/CRK/CRKL/DAB1/DCLK2/DISC1/DLX5/EPHA2/EPHB2/EPHB3/FBXO45/FEZF2/FOXN4/GABRB1/GATA2/GBA2/GBX1/HOXD10/IFT172/INHBA/KIAA0319/LDB1/LHX1/LHX3/LHX6/LYPD6/MAPT/MIB1/NDEL1/NDNF/NEUROD1/NFIB/NOTCH1/NR4A2/NTRK2/PAFAH1B1/PALS1/PAX6/PLXNA1/PLXNA3/POU4F1/PRKCA/PTF1A/RAC1/SALL1/SCN1B/SOX1/SPAST/SPOCK1/SPTBN4/SUFU/TAOK1/TULP3/UBB/WNT4/WNT7A/ZC4H2/ZDHHC16",67
"GO:0014037","Schwann cell differentiation","19/3687","50/18860",0.38,1.94380254949824,3.29406315001172,0.00188226092417503,0.0441371845734159,0.0386105152012216,"AKT1/AKT2/ARHGEF10/CDK1/CNTNAP1/DAG1/DICER1/GRB2/HRAS/MAP2K2/NDRG1/NF1/NTRK2/PALS1/PARD3/PPP3R1/RELA/SKI/SOS1",19
"GO:0016358","dendrite development","66/3687","241/18860",0.273858921161826,1.40086228725577,3.08734892797599,0.00188508382710379,0.0441371845734159,0.0386105152012216,"ABI1/ABI2/ABITRAM/ABL1/ADGRB3/ALK/ANAPC2/ANKRD27/ARF4/BMP7/BMPR1A/BTBD3/CAMK1D/CAMK2B/CAPRIN1/CC2D1A/CDC42/CDK5R1/CFL1/CRK/CRKL/CTNNA2/CUX1/CUX2/DAB1/DGKG/DIP2A/DISC1/DLG4/EPHB2/EPHB3/EZH2/FARP1/FEZF2/FMR1/FOXO6/GPRASP3/GPX4/HECW2/KIAA0319/KIF1A/KLF7/LRP8/MAPK8IP2/MAPRE3/MECP2/MEF2A/MEF2C/MINK1/PAFAH1B1/PARP6/PICALM/PREX2/RAC1/RERE/SIPA1L1/SLITRK5/SRCIN1/STAU2/SULT4A1/TANC2/TAOK2/TBC1D24/TMEM106B/WNT7A/YWHAH",66
"GO:0141193","nuclear receptor-mediated signaling pathway","59/3687","211/18860",0.279620853080569,1.430336123976,3.09871352120516,0.00189193717424377,0.0441371845734159,0.0386105152012216,"ACTN4/ASXL1/ASXL2/BMAL1/BMP2/CLOCK/CNOT1/CNOT9/CRKL/CRY1/CRY2/CTBP2/EGLN2/ERRFI1/ESRRA/EZH2/FAM120B/FKBP4/FOXA1/FOXP1/HMGA2/JAK2/JUND/KANK2/KDM3A/KDM4C/LBH/NCOA1/NCOA4/NCOR2/NR1D1/NR1H2/NR2C1/NR4A3/PARP1/PER1/PGRMC2/PKN1/PML/PPARA/PPARG/PPP5C/PRMT2/PTF1A/RARG/RHOA/RWDD1/RXRA/SAFB/SAFB2/SMARCA4/SNAI2/SNW1/STUB1/TAF7/TMF1/TWIST1/UBE3A/YWHAH",59
"GO:0019985","translesion synthesis","12/3687","26/18860",0.461538461538462,2.36089378481567,3.42294398185099,0.00189638040648177,0.0441371845734159,0.0386105152012216,"DTL/FAAP20/PARP10/PCNA/POLD3/POLH/POLN/REV1/REV3L/SPRTN/USP1/USP10",12
"GO:0085020","protein K6-linked ubiquitination","12/3687","26/18860",0.461538461538462,2.36089378481567,3.42294398185099,0.00189638040648177,0.0441371845734159,0.0386105152012216,"AKT1/PRKN/RNF144A/RNF167/RNF4/STAMBPL1/UBE2D3/UBE2D4/UBE2J2/UBE2S/UBE2T/YWHAG",12
"GO:0007095","mitotic G2 DNA damage checkpoint signaling","15/3687","36/18860",0.416666666666667,2.13136244462526,3.34932446509218,0.00191788401626561,0.0443045520324641,0.0387569256232779,"ABRAXAS1/ATM/BABAM2/BRSK1/CDC14B/CDK1/DTL/FOXN3/FOXO4/FZR1/MRNIP/TAOK1/TAOK2/TRIM39/UIMC1",15
"GO:0019068","virion assembly","15/3687","36/18860",0.416666666666667,2.13136244462526,3.34932446509218,0.00191788401626561,0.0443045520324641,0.0387569256232779,"CHMP1A/CHMP2A/CHMP2B/CHMP3/CHMP5/CHMP6/CHMP7/MVB12B/PDCD6IP/RAB1B/SPCS1/TBC1D20/VPS28/VPS37C/VPS4B",15
"GO:0000266","mitochondrial fission","17/3687","43/18860",0.395348837209302,2.02231599397001,3.30829600734924,0.00195207300083267,0.0445951437201293,0.039011130663368,"AP3B1/AURKA/BNIP3/CYRIB/DNM1L/GDAP1/MAPT/MTCH2/MTFR1/OPA1/PGAM5/PINK1/PPARG/PRKN/RALBP1/TMEM135/VPS35",17
"GO:0007143","female meiotic nuclear division","17/3687","43/18860",0.395348837209302,2.02231599397001,3.30829600734924,0.00195207300083267,0.0445951437201293,0.039011130663368,"ATM/AURKA/BRME1/CDC25B/FBXO5/HSF1/HSF2BP/MLH1/MLH3/NCAPH/SKA1/SKA3/SPIRE2/SYCP2/TUBB8/UBB/WASHC5",17
"GO:0014044","Schwann cell development","17/3687","43/18860",0.395348837209302,2.02231599397001,3.30829600734924,0.00195207300083267,0.0445951437201293,0.039011130663368,"AKT1/AKT2/ARHGEF10/CNTNAP1/DAG1/DICER1/GRB2/HRAS/MAP2K2/NDRG1/NF1/NTRK2/PALS1/PARD3/PPP3R1/SKI/SOS1",17
"GO:0002244","hematopoietic progenitor cell differentiation","41/3687","136/18860",0.301470588235294,1.5421034158171,3.12760898356779,0.00199403534403658,0.045386297113715,0.0397032192146603,"ABL1/ADAR/ANLN/AP3B1/ARMC6/BRAF/CHD2/DNAI4/DPF2/EEF2/EML1/ERCC2/EXT1/FBXO21/FOXC1/FST/FSTL3/GATA2/INHBA/ITCH/JAM3/KIT/LIG4/LIPA/MLLT3/MYB/NFE2L2/NOTCH1/PCID2/PLD4/POPDC1/PRKDC/SETD1A/SIPA1L3/SLC8A3/SOS1/SP3/TENT2/YTHDF2/ZNF784/ZNHIT1",41
"GO:0021915","neural tube development","48/3687","165/18860",0.290909090909091,1.48807850679291,3.10405273443451,0.00200457425784452,0.0454590447996901,0.0397668577467131,"ABL1/ARHGAP35/BMP7/BRD2/C2CD3/CBY1/CFL1/DACT1/DEAF1/DVL2/EPHA2/FOXA1/FZD3/GLMN/GPR161/GRHL3/IFT122/IFT140/IFT172/ITPK1/KDM2B/LHX2/MIB1/MTHFD1/NCKAP1/NF1/NOTCH1/NUP50/OPA1/PAX6/PFN1/PKD1/PKD2/PLOD3/PRKACB/PTK7/RARG/SKI/SPECC1L/SPINT2/SUFU/TBC1D32/TRAF3IP1/TTBK2/TULP3/TWIST1/ZFP36L1/ZNF358",48
"GO:2000630","positive regulation of miRNA metabolic process","23/3687","65/18860",0.353846153846154,1.81001856835868,3.22470995213458,0.00201788318635401,0.0455938496595537,0.0398847829189067,"BMP2/BMPR1A/EGR1/FOXA1/FOXO3/GATA2/HRAS/KLF4/MRTFB/MYB/MYCN/NOTCH3/NR1H2/PAX6/POU2F1/PPARG/RELA/SMAD4/SMAD6/SMARCA4/SREBF1/SREBF2/TEAD1",23
"GO:0031958","nuclear receptor-mediated corticosteroid signaling pathway","8/3687","14/18860",0.571428571428571,2.92301135262893,3.54810482997601,0.00204733041156549,0.0458368803914382,0.0400973823825672,"BMAL1/CLOCK/CRY1/CRY2/JAK2/PER1/PPP5C/YWHAH",8
"GO:0046761","viral budding from plasma membrane","8/3687","14/18860",0.571428571428571,2.92301135262893,3.54810482997601,0.00204733041156549,0.0458368803914382,0.0400973823825672,"CHMP1A/CHMP2A/CHMP2B/CHMP3/CHMP5/CHMP6/CHMP7/VPS4B",8
"GO:1900151","regulation of nuclear-transcribed mRNA catabolic process, deadenylation-dependent decay","11/3687","23/18860",0.478260869565217,2.4464334147003,3.42150095336738,0.00205085056831342,0.0458368803914382,0.0400973823825672,"AGO2/CNOT1/DHX9/HNRNPU/PABPC1/SYNCRIP/TENT4A/TNRC6B/TNRC6C/YBX1/ZFP36L1",11
"GO:0030490","maturation of SSU-rRNA","20/3687","54/18860",0.37037037037037,1.89454439522245,3.24497035180599,0.00207592315001729,0.0460557746402236,0.0402888676302528,"BYSL/DDX52/DHX37/ERCC2/GTF2H5/HEATR1/KRI1/MPHOSPH10/NAT10/NOB1/NOL7/PWP2/RIOK2/RPP40/RPS16/TRMT112/TSR3/UTP20/UTP4/WDR43",20
"GO:0016241","regulation of macroautophagy","56/3687","199/18860",0.281407035175879,1.4394729274253,3.07221339648578,0.00207838362976633,0.0460557746402236,0.0402888676302528,"ADRB2/AKT1/ATM/ATP13A2/ATP6V0D1/ATP6V0E2/ATP6V1B2/ATP6V1D/ATP6V1E2/ATP6V1G1/BAG3/BNIP3/BNIP3L/CAPNS1/CDC37/CDK5R1/CSNK2A2/DNM1L/EHMT2/EIF2AK1/EXOC7/EXOC8/FBXO7/FEZ1/LYPLA1/MOAP1/NOD2/NRBP2/OMA1/PHF23/PINK1/PRKN/RAB3GAP2/RBX1/RIPK2/RNF41/RUBCN/SLC25A4/SNX32/SNX4/SNX6/SREBF1/SREBF2/STUB1/SUPT5H/TBC1D25/TBK1/TIGAR/TOMM7/TRIM32/UBQLN1/USP36/VPS13C/VPS26B/VPS35/WAC",56
"GO:0000245","spliceosomal complex assembly","31/3687","96/18860",0.322916666666667,1.65180589458458,3.1561043818978,0.00208296186387702,0.0460557746402236,0.0402888676302528,"CELF4/DDX39B/DDX42/GEMIN2/HTATSF1/LUC7L/LUC7L2/PRPF6/PTBP2/RBMX2/RNU6ATAC/RSRP1/SCAF11/SF1/SF3A2/SF3B1/SNRPD2/SRPK1/SRPK2/SRSF1/SRSF10/SRSF12/SRSF5/SRSF6/SRSF9/TAF12-DT/TXNL4A/U2AF2/USP39/YTHDC1/ZRSR2",31
"GO:2000045","regulation of G1/S transition of mitotic cell cycle","51/3687","178/18860",0.286516853932584,1.46561102933782,3.07667587910803,0.00211977860759916,0.0467030226321936,0.0408550699984929,"ACTB/AKT1/APC/APPL2/ARID1B/BCL7A/BCL7B/BID/CACNB4/CCND1/CCND3/CCNE2/CCNH/CDC6/CDC73/CDK10/CDK2AP2/CDKN2A/CDKN2C/CPSF3/DACT1/DDX3X/DPF2/E2F7/EZH2/FBXO31/FBXO7/FHL1/ID2/INHBA/KANK2/KLF4/MEPCE/PKD1/PKD2/PLK3/PLRG1/PPP2CA/PRKDC/PRMT2/RBL2/SENP2/SMARCA4/SMARCB1/SMARCC1/SMARCD3/TFDP1/TMEM14B/TRIAP1/UBE2E2/WAC",51
"GO:0032926","negative regulation of activin receptor signaling pathway","9/3687","17/18860",0.529411764705882,2.70808404728857,3.47311243840871,0.00217504636481072,0.0474204481895823,0.0414826625977269,"FKBP1A/FST/FSTL3/MAGI2/NOMO1/NOMO3/SKI/SMAD6/SMURF1",9
"GO:1902969","mitotic DNA replication","9/3687","17/18860",0.529411764705882,2.70808404728857,3.47311243840871,0.00217504636481072,0.0474204481895823,0.0414826625977269,"CDC45/CDK1/FZR1/MCM2/MCM3/MCM4/MCM6/POLA1/RECQL5",9
"GO:0032984","protein-containing complex disassembly","71/3687","264/18860",0.268939393939394,1.37569757789449,3.0303358241779,0.00217532018831229,0.0474204481895823,0.0414826625977269,"ABCE1/ADRB2/AFG2B/APC/APC2/ATAD2/BBOF1/BNIP3/CAPG/CAPZA1/CAPZA2/CARMIL2/CCDC88C/CFL1/CHMP1A/CHMP2A/CHMP2B/CHMP3/CHMP5/CHMP6/CHMP7/CKAP2/CLASP1/EIF5A/ELP6/EPS8/GAK/GSN/GSPT1/H2AC25/HDGFL3/HMGA1/IGF1R/JMJD4/KIF2A/KIF5B/MAP1LC3B/MFSD8/MICAL3/MTPN/MTRFR/NAPB/NSF/PHF23/PPP1R10/RUBCN/SCAF4/SET/SMARCA4/SMARCB1/SMARCC1/SMARCD3/SNX14/SPAST/SPECC1L/SPTAN1/SPTBN1/SPTBN2/SPTBN4/STX17/SVIL/TAOK1/TBC1D25/TMOD3/TRAF2/TTBK2/TWF2/UBQLN1/UPF1/VPS4B/VTA1",71
"GO:0036257","multivesicular body organization","14/3687","33/18860",0.424242424242424,2.17011448907299,3.31630859017386,0.00219674113576148,0.0477193837596468,0.0417441667349689,"CHMP1A/CHMP2A/CHMP2B/CHMP3/CHMP5/CHMP6/CHMP7/HGS/MVB12B/PDCD6IP/VPS28/VPS37C/VPS4B/VTA1",14
"GO:0032272","negative regulation of protein polymerization","25/3687","73/18860",0.342465753424658,1.75180474900706,3.17247309230709,0.00221877310671264,0.0480294556071957,0.0420154127126851,"CAPG/CAPZA1/CAPZA2/CARMIL2/CFL1/CLIP3/CYRIB/DYRK1A/EML2/EPS8/FKBP4/GSN/KANK1/KANK2/KANK3/MTPN/SPTAN1/SPTBN1/SPTBN2/SPTBN4/SSH1/SSH2/SVIL/TMOD3/TWF2",25
"GO:0060997","dendritic spine morphogenesis","21/3687","58/18860",0.362068965517241,1.85208046912264,3.20370672990906,0.00224901347576998,0.0485144335487524,0.0424396637918084,"ABI2/CAMK2B/CAPRIN1/CDC42/CDK5R1/CFL1/CUX2/DIP2A/DLG4/EPHB2/EPHB3/GPRASP3/KIF1A/LRP8/MAPRE3/PAFAH1B1/SIPA1L1/SRCIN1/STAU2/TANC2/WNT7A",21
"GO:0043086","negative regulation of catalytic activity","48/3687","166/18860",0.289156626506024,1.47911417843873,3.05634318663057,0.00229467510784185,0.0493275471966975,0.0431509628283856,"ABCE1/ABL1/ADAR/ADIPOQ/AIDA/AKAP5/AKT1S1/APC/CDKN2A/CEP85/CHMP6/DBNDD2/DUSP7/ERRFI1/FBXO5/GABBR2/GADD45A/GLA/GRM2/HNRNPU/INCA1/ITGB1BP1/MAD2L1/MIDN/MT3/MYCNOS/NOTCH1/NPM1/NPRL2/OXA1L/PDCD4/PPIA/PPP1R12A/PRDX5/PRKN/PYCARD/RASA4/RCC2/RPL5/RRP1B/SNX6/SOCS4/SRCIN1/TAF7/TMBIM1/XRCC1/YWHAG/ZFYVE28",48
"GO:0062197","cellular response to chemical stress","87/3687","335/18860",0.259701492537313,1.32844321921718,2.98994889651372,0.00231187462805054,0.0495253142638786,0.0433239663497361,"ABCC1/ABL1/AIFM2/AKT1/ANKZF1/ATG7/ATM/ATP13A2/BAD/BMAL1/BMP7/BNIP3/CCS/CDK1/CDKN2A/CFL1/CLCN2/CYP1B1/DAPK1/DDIT3/DDX3X/EDN1/EIF2S1/ENDOG/ERRFI1/ETV5/EZH2/FADS2/FANCC/FBXO31/FOXO1/FOXO3/FOXO4/FOXP1/FUT8/GSR/HM13/HSF1/KLF4/LETM1/LONP1/LRRC8D/MAPKAP1/MAPT/MIR132/MLST8/MT3/MYB/NFAT5/NFE2L2/NR4A2/OGG1/OSER1/OXR1/PARP1/PCGF2/PCNA/PDK2/PENK/PINK1/PKD2/PML/PNPLA8/PPIA/PPP5C/PRDX5/PRKN/PXN/PYCARD/RBX1/RELA/ROMO1/RWDD1/SIRPA/SLC12A6/SLC25A24/SLC2A4/SLC8A1/SOD2/STAU2/TBC1D24/TRAP1/TXN/VKORC1L1/WNK3/WNT16/ZFP36L1",87
